,Abundant taxa,Rare taxa,Generalists,Specialists
AL-BN-1,3.140430002084522,0.10172790625174885,2.426925676295268,0.012057980259633103
AL-BN-2,3.280708588321332,0.0585589543894571,3.08916650454498,0.0032173199521517634
AL-BN-3,3.4528948348865947,0.028328871734179147,3.2294867893510406,-0.0
AL-BN-4,2.97030363021117,0.0737387999026807,2.8219973986204296,0.009427512553861987
AL-CSP-3,2.6291635355978267,0.0971220079303402,1.2245632084846214,0.02654862039732654
AL-CSP-4,2.492834300954132,0.04006252269150207,1.1975747761629238,-0.0
AL-CSP-5,2.0096467281450456,0.058487302204407676,0.9143886885603142,0.023279129470226805
AL-OM-1,3.0519057498220836,0.025294471748303057,2.135041580294602,0.009284870621346475
AL-OM-2,2.6038388585634884,-0.0,1.5008383237727045,-0.0
AL-OM-3,2.8817787791131884,0.005737287661757175,1.808329794327542,-0.0
AL-OM-4,2.9271074927916536,0.03924378357263668,2.1631032822303884,-0.0
AL-OM-5,3.336051402665021,0.03501718470151108,2.9443815622231373,0.03383799771666816
AL-TIH-1,3.589327817674519,0.010761252211663613,3.273333326169862,-0.0
AL-TIH-2,2.982643209431439,0.06734588087506782,2.2849163950647964,0.005759221745550142
AL-TIH-3,2.789841016863449,0.08071192658943105,1.7299661297354323,0.014039619951909551
AL-TIH-4,3.1546025379846867,0.08685540038234335,2.716288795641156,0.007029341160649528
AL-TIH-5,2.387228941744783,0.06672253854465937,1.1581588758296442,-0.0
AL-TN-1,2.8961227928223163,0.14075823585118905,2.463561647037607,0.006282054676941774
AL-TN-2,2.8497807320731408,0.10013767960936996,2.7526895542553027,-0.0
AL-TN-3,2.829500807964419,0.23735173568765747,2.6189389691550935,0.007333506978937374
AL-TN-4,2.903270109444771,0.10576615897402092,2.736902380719612,0.003251867972132304
AL-TN-5,3.241533886313761,0.07528818362641224,2.543407547644055,0.037894077793763845
AR-BG-2,3.4393584242345274,0.0858624142096116,3.216712735004387,0.06687018415207512
AR-BG-3,3.5417127179483936,0.06291565349853036,3.363314768704127,0.011339165965695671
AR-BG-4,3.2995524325829773,0.03222401870067075,3.091641304167185,0.04828034799757673
AR-BG-5,3.312482845603137,0.07850855774643674,3.1287535628716583,0.01690526892845994
AR-FR-1,3.014796585594724,0.07231220585118565,2.9571039253351596,-0.0
AR-FR-2,3.103338700525489,0.06864599926010488,2.765591957185944,0.0056727550757769505
AR-FR-3,3.318686504849039,0.04418339181936706,3.0179514357348634,0.008813464160511866
AR-FR-4,3.1380060772568865,0.08108770798392298,2.8538474091031643,-0.0
AR-FR-5,2.909252492332027,0.09095801863818834,2.7078879761000763,0.014490382741860298
AR-LL-1,3.123058025026729,0.04079283575742704,2.3590762008103736,0.00329085461780479
AR-LL-2,3.232807240342812,0.027225058098969843,2.461874148538446,0.0031880786003690657
AR-LL-3,2.9076438077569366,0.04738082189125063,1.906490624560393,0.011549638130659054
AR-LL-4,3.36764942178543,0.047253284518443496,2.8870367655983977,0.012991935551380358
AR-LL-5,3.4382183800373434,0.045366819481437164,3.173192064244529,0.00356173828424005
AZ-IF-2,2.204947375235468,0.10278788379360995,0.7789245488350655,0.0640117974403323
AZ-IF-3,2.27789193601441,0.1188548217547622,0.8222632419299498,0.07987523634961018
AZ-IF-4,2.149699649822695,0.057569603714860834,0.5433387363173439,0.09878380369863428
AZ-PN-5,3.0970103107749107,0.11574365733178821,2.433187250379357,0.020156308349062832
AZ-SD-4,1.9414455056266513,0.07993463367555433,0.7756123596162569,0.04724697960190689
AZ-SM-1,2.1286960569435966,0.03288462379802216,0.8374761855512703,-0.0
AZ-SM-3,2.542339632885447,0.09410774933869054,1.2012019292890348,0.0097001030357253
AZ-TN-5,2.55610798955699,0.05045799837657382,1.215306955492295,0.04707549502820117
CA-AN-1,2.654989734721064,0.057370204791393445,1.3371474480629646,0.001827136637053352
CA-AN-2,2.369004741740689,0.10067748687833786,1.083202844088544,0.029775260426439784
CA-AN-5,2.7527827455209284,0.07890399326795984,1.5543624277258372,0.006385105430967878
CA-BS-2,2.933737915845944,0.12653891782623083,2.1448241355287325,0.03584173028933767
CA-BS-5,3.1752403185229774,0.12141738336012069,3.115452986815113,-0.0
CA-DE-1,0.9546183614273203,0.015208588866035943,0.3901565041963771,0.6999696393107491
CA-DE-5,3.3255870103655605,0.0448328189216525,2.287485859551079,0.00382621429691245
CA-JT-3,2.3405318801665227,0.06830197228654655,0.9908008390032302,0.05163550926656426
CA-LP-2,3.030988037952457,0.15011708795369544,2.2244864585002286,0.016828308948505
CA-LP-3,2.466250090342651,0.166105412582735,1.4731853085730644,0.1554287292697405
CA-MO-5,2.344729563694181,0.12073855152558007,1.53452951877557,0.1049364843706174
CA-MT-3,2.664828020687566,0.0647913111310807,1.5194568358230616,0.013635144723929696
CA-NM-2,2.885067396624137,0.07671913364543326,2.5693407779005852,0.02190787359786981
CA-NM-3,3.110150263642134,0.05744381530871535,2.95194675705499,0.0138764902230074
CA-NM-4,2.979632850855261,0.17210238694316132,2.9070480108796497,0.03418796708973796
CA-PN-1,2.811079090680736,0.114888173553718,1.4817320756764274,0.04763639928102204
CA-SN-2,2.800506959785807,0.08569285545509311,1.8964904319003586,0.017903729014142018
CA-SN-3,2.5837679871101655,0.09551451635359684,1.7619998765342404,0.04049450877634761
CA-SNP-5,2.4899989191199863,0.17791050072077189,1.3934913692735136,0.0643447869655501
CA-SR-2,2.508110350230477,0.06898931767317423,1.3274691820271671,0.030938071925140746
CA-WM-4,2.6843227319618093,0.03674123096457265,1.5751302905890936,0.17067615176564932
CA-YN-1,1.938876874803221,0.09058561778554029,1.1284825021271803,0.08982012562355972
CA-YNP-2,3.0981667243149515,0.10535559595009823,2.848931571822758,0.007858542678550958
CA-YNP-3,2.765126706532379,0.07449815848203505,1.8123890847056867,0.0072815279925439215
CA-YNP-4,2.9464344690879742,0.05967100463379801,2.6273808928465034,0.0018257427068007635
CO-BL-1,2.822097355740647,0.14504748608233997,2.204880061301051,0.08191527334103635
CO-BL-2,3.34036342792869,0.014628383740794587,2.8004711431409253,0.002314179362585148
CO-CS-1,2.4241663083301876,0.19751389367795702,1.9298626341222338,0.05423136916573834
CO-HM-1,3.338223528714045,0.03171062467015698,2.3341468444379143,0.002015988543814592
CO-HM-2,3.2320544833910745,0.05250400135089972,2.071846369494723,-0.0
CO-HM-4,1.7675812072799473,0.0496289305333859,0.8980498384019736,0.4451978194886789
CO-HM-5,3.0191997941441224,0.06490320023737207,2.1981996132692854,0.006343801150895964
CO-LP-1,2.6264151405746707,0.032913217814120606,1.3903785082372802,-0.0
CO-LP-3,2.4799447879936856,0.09512026160155043,1.202286399262441,0.026928835819338855
CO-LS-1,3.052704262245092,0.04506755164506587,2.073251048824021,0.001957294139742208
CO-LS-3,2.7442704457049176,0.14835977096210123,1.7517391881189959,0.042017588411947616
CO-MV-1,2.6719761277702756,0.08008114377920415,1.7500754054530678,0.04546372249350765
CO-MV-3,2.4974398869642087,0.1093223427046344,1.5508983204142752,0.004068361401506948
CO-MV-4,0.8227558283724763,0.03053388841193999,0.29890682983504224,0.33684595104123277
CO-RNF-2,3.2907159021925234,0.09948863092506799,2.755796357803367,0.02582525882938813
CO-RNF-4,3.4863062047829203,0.04289125693262369,2.807924216504825,0.003599533896145018
CO-SP-5,2.964251215463691,0.04120543159827956,1.839781260710608,0.005899951842840897
CO-TS-3,2.8366528128069306,0.16628912246314764,1.6311572533983054,0.013356923040600526
CT-UF-2,2.6604750906994665,0.08140357711081952,1.777969057596639,0.005206927204267473
CT-UF-4,2.7640413591269923,0.07315337330947969,1.538280801045819,0.03251295877679156
CT-UF-5,2.285244413078627,0.03754028308901208,1.0722024624129678,-0.0
DE-WC-1,3.2503285980921217,0.03613102755696248,3.114640697585053,0.0034838154323749825
DE-WC-2,3.0669510742103205,0.08976189374241504,2.8784536952203696,0.0233270526038234
DE-WC-3,2.4372515267716017,0.1259697093730415,1.7635442841212134,0.07588222818695564
DE-WC-4,3.1520156645928954,0.161771466189562,2.808015761369332,0.03535311039856814
DE-WC-5,3.170674886367494,0.056771955175086625,2.8106425023819868,-0.0
FL-BS-3,3.111731496726635,0.04489323968040551,3.0264152308557026,0.029463290350381394
FL-BS-4,2.6871207460470203,0.040132857197718044,2.1331205698132347,0.025682818092924303
FL-BS-5,3.1296201548322933,0.06553922553448438,2.9886858676713834,0.01713730352540422
FL-ON-2,2.792835803000325,0.17436121717443162,2.48067435614738,0.019017969930566814
FL-ON-5,1.9725472214436977,0.16078393973247906,1.278879702388294,0.08617196697133417
FL-PC-3,2.9841663088540873,0.12010976340320643,2.6178299384929677,0.015227822434623967
FL-PI-1,2.2706180324284824,0.08782223863961348,1.7921926625841644,0.14717941428180764
FL-PI-2,2.922087265475821,0.1180390823024566,2.6258860026607564,-0.0
FL-WP-3,3.159499513416429,0.06580756863322094,2.457363070397979,0.05562284552422972
FL-WP-4,2.754982163124457,0.16591238386815804,1.6612810799824975,0.04580877167938443
FL-WP-5,2.8514078811876216,0.1405619893139202,2.3057740306891064,0.06454412479538751
GA-CNF-1,2.7258054465315404,0.025512559857262213,1.3431264640581089,-0.0
GA-CNF-2,2.7932939530931336,0.05318901121999867,1.478168549575357,0.01635001847970276
GA-CNF-3,2.934183604783411,0.1450606643402041,2.5077532398851563,0.05925234819050003
GA-CNF-4,2.6452121310534453,0.010669257058496941,1.2907130174443648,-0.0
GA-CNF-5,2.8896096547119328,0.03230513284526252,1.7885720004186454,0.011918043244069544
GA-RT-1,3.1370828311633794,0.07622169310758016,2.8488772813733805,0.015233300250393007
GA-RT-2,2.7996177520467853,0.0905215695361043,1.918529938727531,0.019850247800232836
GA-RT-3,2.7432647748828014,0.10373835514000895,2.031173195352394,0.031085010600107543
GA-RT-4,2.3680391547810165,0.0697515288798066,1.1579023649236826,0.010958868881448773
GA-RT-5,2.799253731080136,0.14908404503929637,2.650805757902344,0.021401880381707566
GA-SC-2,2.453715210517735,0.057325088929155575,1.0710349179206116,0.011636958268435301
GA-SC-3,2.2626324602861887,0.052927059542159455,1.2777121653845742,0.0070428606673662774
GA-SC-4,2.5271257412199506,0.028736975700299948,1.2411079331464798,0.006350150502005142
GA-SC-5,2.370771185671838,0.06685629627576571,1.1460079440548276,0.007626267754902354
GA-SCN-1,2.8953243544879608,0.021418389986784005,2.191998221468964,-0.0
GA-SCN-2,2.7010887158737273,0.12900716805634388,2.5487122489248604,0.034801211404832326
GA-SCN-3,2.9396565747831005,0.06425733374812216,2.738982275407152,0.013015019887292003
GA-SCN-4,3.200548163022483,0.07800974515258671,3.2583363683562014,0.022009042500666928
GA-SCN-5,2.6885822630435707,0.07131110551398728,2.118610354985446,0.07958909830717732
IA-BC-1,3.445232968617831,0.05840537967673401,3.222042760865931,0.023250425074095686
IA-BC-2,3.5205671311249747,0.05673319686419062,3.368309078347941,0.03068892063634837
IA-BC-3,3.5007206962189157,0.0221310157035329,3.1342857279855103,0.017918054416086397
IA-BC-4,3.381523984002588,0.041146027187633716,3.273717344566307,-0.0
IA-BC-5,3.4248570403619856,0.018138263622943462,3.210535847603498,-0.0
IA-CB-1,3.2575879940265215,0.04632627254417269,3.0968712665458997,-0.0
IA-CB-2,2.7194850153555046,0.007575450684902223,2.5615442897982295,-0.0
IA-CB-3,2.967366264601814,0.09497674850020828,2.8848270664630147,0.030531236772013665
IA-CB-4,3.2947122781232228,0.08162581669870084,3.1211741238503325,0.01271989276819452
IA-CB-5,3.356191608851449,0.013999442714627334,3.041033018251032,-0.0
IA-CS-2,3.442828028088278,0.06131597979811353,3.151620183574,0.006810516996546346
IA-CS-3,3.368923074011713,0.04878796709802064,3.218231261517887,0.007374035089398229
IA-CS-4,3.288145044284547,0.03294874169250596,3.0470488007314613,0.0032987715576121425
IA-CS-5,3.106924226870629,0.12173070407426988,2.994827985916864,0.022208419740402847
IA-RR-1,3.424490649941937,0.039958863429062005,3.113617028838995,0.012037791448542194
IA-RR-2,3.224400778515734,0.06313586135143322,2.96065620690448,0.01390292300814587
IA-RR-3,3.4479950450497214,0.09282419643334414,3.045085280081662,0.001953268373310821
IA-RR-4,3.2722028522893725,0.09937546865326233,2.770266152644337,-0.0
IA-RR-5,3.611030645950851,0.015847187041297197,3.1170657725657396,-0.0
ID-BD-4,2.9280654194166065,0.06378208340598171,1.7234929099938432,0.026933835674494137
ID-BN-3,2.9662290256898594,0.13760041167314715,2.6737321030532066,0.013787415136743234
ID-BN-5,2.846132294434133,0.02144410488448166,2.4758936583132978,0.04238309594035991
ID-MN-1,2.549939404298531,0.1388416597616164,1.301615125384559,0.030006923219117597
ID-MN-2,2.5767596273865014,0.14068108065762114,1.3290450118905275,0.016864770126288783
ID-MN-3,2.6263406338456865,0.07632547713875606,1.3487733823544144,0.0022908431665058238
ID-MN-4,2.748231103664622,0.05497390781881901,1.57386007106876,0.01182778326353338
ID-MN-5,2.990076399798081,0.05176542298496227,1.603172318827281,0.01949743521819827
ID-SFP-3,2.809993075509835,0.11502103356575738,2.1451695340287222,0.02495982344895194
ID-SJ-2,3.1594015320289572,0.08323528757835619,2.473470448335319,0.003465039907033252
ID-SJ-4,3.048036400664334,0.10756522622038182,2.7323264727013616,0.0076889960270073755
ID-SJ-5,3.033630422117068,0.08040189447207571,2.6966577708381267,0.005837423248140417
IL-CL-1,3.221378286457967,0.06782018007964623,3.1652855453641915,0.009088502684598897
IL-CL-2,3.243861421719927,0.06190622093636512,2.9739348812299196,0.006557153768279152
IL-CL-3,3.1054126258093087,0.03616977298064493,2.7265492776086955,0.004643730762776425
IL-CL-4,3.16555070160702,0.06550369766298261,3.0742143661342767,0.01534277878007739
IL-CL-5,2.968114769770788,0.03976218400974292,2.2674499127521286,0.024356307698184962
IL-KS-1,3.3009470711139506,0.026522598650422738,3.0014704463622635,-0.0
IL-KS-2,3.272533139262016,0.010545424172957056,3.1564375682200754,-0.0
IL-KS-3,2.875959147691301,0.08494513871616269,2.830514360647151,0.006007412155700692
IL-KS-4,3.1441026226964173,0.024861815596219798,2.946735846978018,-0.0
IL-KS-5,2.6683387525113855,0.11695966004061303,2.708689965938783,0.02938137223001641
IL-LW-1,3.0992599770775833,0.0630729382950443,2.8742661771459734,-0.0
IL-LW-2,3.0537336676453615,0.06002751630702579,3.0528500063889084,0.011310872473283645
IL-LW-3,2.8721275757487104,0.007575450684902223,2.7624955843642844,0.2912619584135084
IL-LW-4,2.9985471062510225,0.01821186098491151,2.9094017694057333,-0.0
IL-LW-5,2.924133258345237,0.0841680310219858,2.6635311926120084,0.018673190133070196
IL-PM-1,3.1842852211175328,0.01242247151321324,2.757599623768845,0.029207478546847847
IL-PM-2,3.065208480894547,0.10079201718623818,2.8596550395894798,0.008996727750924595
IL-PM-3,3.444926702426181,0.0376164385340409,3.1005288114525054,-0.0
IL-PM-4,3.3871392020997337,0.04469175242132655,2.983616639592254,-0.0
IL-PM-5,2.97646092562654,0.0641701905766507,2.693917597635649,0.036127211168043655
IN-EC-1,3.2635310649649614,0.019226062535873393,2.9875609337024374,0.01787388289830091
IN-EC-2,3.2016582949490284,0.036470908262126615,3.0746196192656514,-0.0
IN-EC-3,3.1853923134641606,0.06196944299858925,2.960458793707067,-0.0
IN-EC-5,3.025229561377268,0.07483873474111333,2.7001819805426326,0.02243248445188794
IN-RH-1,3.3304098871307604,0.05866165762157291,3.1785950635639564,-0.0
IN-RH-2,2.80702277047944,0.0553629415770002,2.750973993407167,0.0036716020309434582
IN-RH-3,3.2440406179466637,0.06897488003844685,2.894549235906482,0.017046101100275473
IN-RH-4,3.12149451799394,0.06933033056353377,2.8012694332873207,-0.0
IN-RH-5,3.1367114766600817,0.10196035803352785,3.0217322600248346,0.003796330426437835
IN-SS-1,3.2487258749588785,0.012009315092693968,2.984147313165606,-0.0
IN-SS-2,3.216566555710955,0.06669553542683272,2.949254498546645,-0.0
IN-SS-3,3.3017950270426066,0.01764231570454193,3.045411659285469,-0.0
IN-SS-4,3.169673573592826,0.051874063963551195,2.9218158559028575,0.01488176959273981
IN-SS-5,3.3125985729400766,0.029915786041847067,2.9546288251942614,-0.0
IN-TR-1,3.0570814039435095,0.04282844267817841,2.851759052832818,0.019917919018838645
IN-TR-2,2.470263332539372,0.04354968511619862,1.271464313088214,0.03178964097532849
IN-TR-3,3.1421791793294167,0.14361436233521868,3.0570149969341456,0.012875020546293236
IN-TR-4,3.102857776973856,0.03382372294249355,2.5722279834890354,-0.0
IN-TR-5,3.1806039414486547,0.05143577918088595,2.886623501394205,0.006474427870919484
IN-WM-1,2.7379521558467173,0.08439852694300196,2.735906394785393,0.030174888225495175
IN-WM-2,2.955027758371552,0.05812617636076815,2.7346272955208266,-0.0
IN-WM-3,2.989939362718441,0.08280996347344748,2.9023419523455622,0.01290593464709254
IN-WM-4,3.136736464446874,0.07092224870168598,2.8271377864414413,0.04441642263994994
IN-WM-5,2.9201373143376914,0.05660433018010541,2.697086968476629,-0.0
KS-MS-2,3.3374474090766815,0.1288040204203983,3.14029046247909,0.03194505121029871
KS-MS-5,3.18719638335421,0.05722482044631083,2.5694479656385782,0.02192287440150286
KY-RR-1,3.1300972692717464,0.07301944114050567,2.463692886059474,0.010800565854665456
KY-RR-2,2.701594044062023,0.05964641374452247,1.6756706541826418,-0.0
KY-RR-3,2.8230188189561902,0.045954038817686275,1.5282636051828662,0.003167775260865244
KY-RR-4,2.626852181486622,0.08782183220948418,1.1879721712372293,0.010568978942015854
KY-RR-5,2.856016717675939,0.04837650230633567,1.595968023327369,0.007485916114660957
LA-AN-1,2.8590525347477875,0.05583110998302248,2.4757292650467875,-0.0
LA-AN-2,2.9292389055228547,0.09048600295505378,2.7969847769532445,0.004240375298521096
LA-AN-3,2.979617196658746,0.09489332478380258,2.678489293719196,0.0022402505494886395
LA-AN-4,2.722260721950456,0.11338440520722162,2.444371920790359,0.010109160877569141
LA-AN-5,2.9336302984719858,0.10700432209404293,2.5727716321499603,-0.0
LA-HN-1,2.6418122474731978,0.02641747768555255,1.2598575829909773,0.0045200473419126546
LA-HN-2,2.9895979703459283,0.051546676985524474,1.83838069576925,0.01010366106576481
LA-HN-3,2.4145989566886943,0.039977963102351056,1.3468692911609903,0.04649524470509392
LA-HN-4,2.7512965106894325,0.034488110831681684,1.594320838410039,-0.0
LA-HN-5,2.8530434083419287,0.05465135607484892,1.7307623665993797,0.01631601909395229
LA-JW-1,2.9483237769368253,0.13896463347299648,2.6980425440058893,0.02651529054182397
LA-LO-1,3.1784817250246844,0.0827765728661643,2.9406164151159593,0.002093313480258615
LA-LO-2,3.082709587751443,0.1115408678298471,2.6868815091748437,0.02314701551886746
LA-LO-3,2.654961943297357,0.0730249662405251,2.0908970410263934,0.011424184440849977
LA-LO-4,2.795366339147456,0.041878925607752165,2.130426733497557,0.03937722167814141
LA-LO-5,2.8056694593800504,0.0699744954911616,2.266355077150674,0.01859876037522598
LA-TH-1,3.1239329254411397,0.05995640155199531,2.486602871435305,0.014824709035337263
LA-TH-2,3.00534823908418,0.06223947942045707,2.947427264321268,-0.0
LA-TH-4,2.9768082942723963,0.03825104169399048,2.4007222050273795,0.013324628906709334
LA-TH-5,3.2646571619174902,0.09417530821337611,2.7302585503344186,-0.0
MA-BW-1,2.239133762835807,0.19401625053073215,1.380862123017747,0.07644077440850555
MA-BW-2,2.834698651185074,0.061213133999696204,2.2856866687021227,0.00754106591394426
MA-BW-3,2.3868865407123816,0.11269295396009057,0.8610770471438124,0.03271192051156553
MA-BW-4,2.278819077593381,0.06696122006328753,0.7624774546565365,0.09428711297908525
MD-AEC-1,2.2683378859835317,0.06741602573884731,1.0832941792940083,0.012658976704441612
MD-AEC-4,1.8810439635339282,0.11411737314423524,0.9933294915526713,0.26786169403124727
MD-AEC-5,2.2498947043297686,0.06391737024618374,0.8127047764300848,0.010637247999373494
MD-AEC-6,2.9131782418911336,0.10050673412656903,2.7624153293274176,0.01974161993589905
MD-AEC-7,2.7395990474311387,0.03989995572879367,2.009743578925106,0.001745714746123957
MD-SERC-1,2.6552608292852407,0.08461879220182636,1.6917765799361015,0.003172263335038672
MD-SERC-2,3.080325751067013,0.09455510658536473,2.5600769109438257,0.010831686426212109
MD-SERC-3,2.734428085543545,0.12469922564968418,2.4827813926258813,0.010100066443119405
MD-SERC-4,2.5382905693705093,0.03178676273434367,1.4514670344206468,0.01503334441875486
MD-SERC-5,2.0913733210074836,0.019910921913612253,0.8282718083078016,0.1039307833593224
ME-BC-2,2.6445792928515193,0.1306024536727908,1.4672427514078266,0.009146467122625816
ME-CB-1,2.322452406384738,0.07125148268131172,0.8775040739468829,0.028782827439655472
ME-CB-2,2.4695209315462052,0.043338290123854886,1.110957103978305,0.04193708186508954
ME-CB-3,2.3997542131001106,0.02104479598103507,0.9404476841898399,0.0058405160398764654
ME-CB-5,2.117146245209295,0.07116106959620078,0.8895820310149543,0.018030649961418194
ME-PF-1,2.3727549290955676,0.04826034686791448,0.9435832942837424,0.07491352600649466
ME-PF-2,2.6404645682800956,0.023465003408364243,1.6074065880921449,0.02820886965829911
ME-SM-1,2.5496080118624618,0.03680802261261354,1.1530233537324004,0.004516866262419092
ME-SM-2,2.2864161561651875,0.056412463213903016,0.8324912726891766,0.03007304663104678
ME-SM-5,2.7564393282667927,0.02754845147169363,1.381819162737574,0.005759221745550142
ME-WN-2,2.6978758346944036,0.020206636464420964,1.102305013038461,0.01714226190824551
ME-WN-5,2.5102695101725923,0.03143126731583332,1.0929922307347961,-0.0
MI-CN-1,2.504406177961012,0.05735248062871597,1.468255163577376,0.02975316385610367
MI-CN-5,2.553653879710787,0.10098548373201821,1.519479525381468,0.007793581867620794
MI-HN-2,2.54176416334462,0.038142355399312995,0.8326225849648037,0.012650303781041806
MI-HN-4,2.757827425951706,0.04302728383520781,1.2940800411136344,0.013563548043174542
MI-HN-5,2.6358739408315843,0.021925461270156005,1.4280157490381422,-0.0
MI-MS-1,3.263950516620485,0.02295529409333395,3.223343390061988,0.0017562322456823793
MI-MS-2,3.303891622064705,0.07078145425703308,3.246569997816021,0.016920389236904705
MI-MS-3,3.2945557321510788,0.06954500698018656,3.1197057087657427,0.014976065140197867
MI-MS-4,3.007506760265092,0.08316830252186326,2.9213874236772854,0.0017469824931890625
MI-MS-5,3.3545130230308207,0.05405190172297444,3.2662354925484833,0.004882974862326015
MI-MSP-4,2.5837994091395067,0.036919789088295116,1.7691320558961665,0.058412809006621665
MI-PR-1,2.7472796159822215,0.03939652681681935,2.2465739623335867,0.0017390908753543042
MI-PR-2,3.0040300909456676,0.06813924526326733,3.022224409326296,0.020943314515934498
MI-PR-3,2.4136358149763315,0.04408625485387435,1.3323627335573909,0.004961901164276652
MI-PR-4,2.723303412152337,0.023527708785632505,2.426654307585138,-0.0
MI-PR-5,2.364063290220929,0.042634731442535434,0.9918622910693792,0.01767946688638227
MN-BE-1,3.1568079910680726,0.06344847316660193,3.1242797610243924,-0.0
MN-BE-2,3.173153793058021,0.10261807270895239,3.0800098819902173,0.013128908835257354
MN-BE-3,2.56734198022463,0.18454592327146233,2.405543418232,0.07349676046059847
MN-BE-4,2.7665076573218625,0.14830275051437009,2.4993614911285658,0.04509909773187021
MN-BR-1,3.575792820111832,0.03755591517398898,3.3654720860582317,0.010190316622660272
MN-BR-2,3.4546342740991745,0.06906886483517721,2.9781179169675824,-0.0
MN-BR-3,3.6312443761533437,0.06634008049811309,3.307236238853269,0.005298611957936113
MN-BR-4,3.5235155853794295,0.07263591617144709,3.3153583301000094,0.01581070079542649
MN-BR-5,3.171455529875661,0.02469763829344258,2.8867575251573445,-0.0
MN-CF-1,3.3548958794864805,0.07912214069574058,3.1517274413491374,0.003870734445913254
MN-CF-2,3.4897883189227974,0.016342529533580334,3.4090371324160955,-0.0
MN-CF-3,2.8868393384626687,0.09788100635401363,2.6013432170162227,0.005492456884050423
MN-FD-2,2.482060573113094,0.04616273456477574,1.9432456325368335,0.010552206450258715
MN-FL-4,3.4422621776414686,0.016880386093889116,3.3711529315249087,0.010526005859845068
MN-LH-1,3.072920683807515,0.05021526561253956,2.6916941028409154,-0.0
MN-LH-2,2.9850954134990615,0.08082817758891345,2.503177249562422,-0.0
MN-LH-3,2.8676991027002323,0.11315888165304731,2.5775588091725457,0.019145702064225882
MN-LH-4,3.040159381242738,0.059412024744949554,2.4814070213568757,-0.0
MN-LH-5,2.9136421159323476,0.0527068918039004,2.4669663754506903,-0.0
MN-LR-1,3.246000867776446,0.05849616542846002,2.9003975566047195,-0.0
MN-LR-2,3.190917966750621,0.11584860376668144,3.067121432883594,0.02034559465521588
MN-LR-4,3.060818821477038,0.029932040823547737,2.735475353217183,0.0021351127822947236
MN-LR-5,3.2622554876426246,0.05359322335292799,3.1138493426553344,0.00815500386846383
MN-MH-1,3.1588652010338185,0.039934751179097894,2.674027453697849,0.005223779578580248
MN-MH-2,2.7263446241075266,0.03323707907054891,2.2687003339890373,0.007679513127542823
MN-MH-3,3.090057377471803,0.11997454595229315,3.0431638501622906,-0.0
MN-MH-4,3.3490411342077318,0.03721950241987436,3.197876296653849,-0.0
MN-MH-5,3.379246913241206,0.044833372964013206,3.107364456023395,-0.0
MN-MS-1,3.479323817498788,0.029361534572665646,3.388902380452987,0.03705660140186286
MN-MS-2,3.12220116782917,0.05751601515487361,2.7912636504313975,0.012485225219887368
MN-MS-3,3.5764633308001392,0.03960577706135994,3.4225435676031037,0.004816395106691725
MN-MS-4,3.334705970297564,0.04135548179005533,3.153493063953463,-0.0
MN-MS-5,3.4839453347189435,0.04825464508438788,3.353544651986541,0.010356128313312602
MN-RR-1,2.574335356282382,0.06716372605749005,1.8758415733297116,0.01874972062970922
MN-RR-2,2.796805379604385,0.09546711176922588,2.4329848168565036,0.006248176098152159
MN-RR-3,2.7611864578385203,0.06629863938238412,2.713845324736031,0.0018351956550139894
MN-SD-2,3.057080448810167,0.034854420148965524,2.785092850080521,0.004602810857233756
MN-SD-5,3.2652251506405103,0.07392464523165203,2.916249645424743,0.016399098444931454
MN-WS-3,2.9073861562580245,0.03692457316675202,2.0327262015957768,0.004914053875526302
MO-CSP-1,2.6740180200207426,0.06430278114581593,2.257137576097829,0.02230194667274124
MO-CSP-3,2.789002462121832,0.14517148182277503,2.716820806380135,0.018319652108005062
MO-CSP-4,2.7362237875866446,0.11549508723647389,2.2375960979152554,0.007502780447259155
MO-CSP-5,2.24752170646745,0.054474198461662154,1.3190152453688975,0.05506383048478837
MT-BC-1,2.9227210954922076,0.036502984753032666,1.5199834272469597,0.04557444177531161
MT-CG-1,3.0304350200029946,0.05887795215466267,1.8523631395900109,0.0146521729562312
MT-CG-3,2.8572987814040083,0.06898105438558225,1.7734470483997997,-0.0
MT-CG-4,3.0318924854442852,0.06256238933849809,1.8422131312636063,-0.0
MT-CG-5,2.96726168263138,0.016847494869727017,1.7400789787909798,-0.0
MT-GNF-1,3.313600303490846,0.042767632400288136,2.855968066425654,0.004621922018418744
MT-GNF-2,2.74100556340534,0.11724601196452716,2.460000546119841,0.0321129705111352
MT-GNF-4,3.1669352234131103,0.04313930595883061,2.414261718970035,0.01748149790124418
MT-LCN-1,3.0954058044585535,0.09345986654874197,2.066268749050847,0.005867467663296365
MT-LCN-2,2.920524486294038,0.06028700014335197,2.1906719872633227,0.01992406925003355
MT-LCN-4,2.85821040992348,0.11678350612900201,2.2831176861878952,0.021218708614618113
MT-LTR-1,3.031763554498056,0.10064381238138415,2.0528287372033946,0.007910213298871246
MT-LTR-2,3.096402878072535,0.09763045684957113,2.349750249549486,0.03724583854475928
MT-LTR-4,2.997647615185326,0.01124946534495557,1.942167975147501,0.018422084153849175
MT-LTR-5,3.158355097017225,0.05385067289754597,2.1055028402558635,-0.0
MT-PC-1,2.9150419018348823,0.06456814431636776,1.7579475142728291,0.0020447645150727892
MT-PC-3,3.0044793081622165,0.07843882151117909,2.4024351798698103,0.00781664435284193
MT-PC-4,2.9721230220337325,0.08822267911088467,2.110430447504548,0.054711329365678164
MT-TP-2,2.5409643913848114,0.2171255870088283,2.104584324797572,0.08473308915831462
MT-TP-3,2.7786678750848366,0.15435734494685555,2.1970695995848106,0.04718834831457263
MT-TP-5,2.202906993355979,0.13094536432753937,1.6718821632306842,0.02325148728794117
MT-UTR-2,3.2337740600613745,0.037847234332417955,2.4726186198224154,0.019235432646625174
MT-UTR-4,3.2232547717260847,0.034906012025753066,2.7338018831732236,-0.0
MT-UTR-5,3.158222601754581,0.0659179844172861,2.572107452001781,0.011468634291380272
NC-CMSP-1,2.3950284514805475,0.041498002419207314,1.04050716848869,0.008249175752450303
NC-CMSP-2,2.417958233100852,0.015587982099215232,1.081212269206811,0.04402983319215268
NC-CMSP-4,2.1427319201158417,0.04326946686810231,1.036034986431834,0.012587794894490304
NC-CMSP-5,2.3995461123260196,0.046886494250232474,1.3453867452589239,0.03360540841302074
NC-CNF-1,2.508954220377482,0.09310246201725586,1.0365894448096922,0.028454796776088503
NC-CNF-2,2.87074180548501,0.038025177815573484,1.7884992360516017,-0.0
NC-CNF-3,2.631130351420889,0.047305266861717196,1.2302589015778695,0.007111302254718552
NC-CNF-4,2.87425684612492,0.04262424337459201,1.9308656873042511,0.010755238401298805
NC-CNF-5,2.8726554440585845,0.035880844128357146,2.386955957112136,0.06464720523831871
NC-GSM-1,2.6214856199991536,0.039310330730975875,1.174382849776398,-0.0
NC-GSM-2,2.6311690502532503,0.02864153057964744,1.2988944010379546,0.009383029868567191
NC-GSM-3,2.419422701400482,0.041660905096883596,0.9315790474086735,0.03250458544295698
NC-GSM-4,2.882490944904203,0.08557028552681824,2.2547072243228308,0.004588793130510741
NC-GSM-5,2.7016521800771183,0.046878558055890876,1.3073330784144184,0.012649763195809367
ND-AN-1,3.4783398792382676,0.059100578888313916,3.196255908945222,0.018289592871446433
ND-AN-2,3.4578194869322587,0.05567665270958298,3.1510237145577014,0.003617267487545969
ND-AN-3,3.1596854593462464,0.03269870116889096,2.4387449252618763,0.019402944369309692
ND-AN-4,3.46032749352547,0.03960669303249312,3.173150278369645,-0.0
ND-AN-5,3.566210046682274,0.04385449125794781,3.237302759892613,-0.0
ND-ER-1,3.1073985989756836,0.057437669805849,1.8613207977769985,0.0019405028974367664
ND-ER-5,2.961267864564474,0.0905156909626921,2.041349404296179,0.04524212389771426
ND-KS-1,1.947364052669414,0.16605891438301218,1.5866363296465975,0.39544870667793847
ND-KS-2,3.1151952262263056,0.11696274331022319,2.8276641103935973,0.018847135645098455
ND-KS-3,3.3666233612450855,0.09815632381901575,3.008233911397387,-0.0
ND-KS-4,3.144069443645479,0.08967055428120985,2.8711637084170616,-0.0
ND-KS-5,2.4658609674157907,0.08911458373957531,2.0998151776730594,0.1384156588545971
ND-LI-5,3.0123279737414355,0.05014139851799066,2.4805485732815122,-0.0
ND-LL-1,2.92587087437497,0.1575857866297542,2.756709896732079,0.03692814320282657
ND-LL-2,2.3136237115831078,0.15336586508572703,2.079341475119466,0.13285975308630535
ND-LL-3,3.223469617198646,0.11066140436286066,2.9873781290163097,0.024929691390030685
ND-LL-4,2.8571064604291116,0.1240232148523576,2.4714554366392756,0.06803906494916517
ND-LL-5,2.637517140262629,0.17164710198982425,2.390561978448137,0.046210014628804585
ND-LN-1,3.1398680741635125,0.18416609382000415,2.673753916382947,0.08453864081164716
ND-LN-2,2.9506524260238676,0.03239078383599748,2.0566082805251,0.01365366823066329
ND-LN-4,3.450787125505937,0.04499912979702177,2.7913441525511486,-0.0
ND-LN-5,3.291668565777707,0.04837345722787949,2.769033360441055,0.006570393782932854
ND-LZ-1,3.1643989312577454,0.05460574702571821,2.062572104927886,0.003979839367850665
ND-LZ-2,3.2262829092978933,0.05244113852241823,2.307517103412923,-0.0
ND-LZ-5,3.2444526591814196,0.04411254638483964,2.5980482559660647,0.0035045160965619
ND-WL-1,3.226116496852388,0.06651623642204836,2.477381210321062,0.025074778598085816
ND-WL-2,3.0334864690374195,0.0759754853005203,2.7849368322126793,0.02168067706897053
ND-WL-3,2.2255578135924448,0.04776201528227095,1.4453635037386152,0.11381952406047811
ND-WL-4,3.1964876787661036,0.09355048554769739,2.570204599568945,0.03601670129712041
ND-WL-5,3.3662847638443787,0.0840679550966476,2.718407194612473,0.010342528974070812
NJ-MC-3,2.647199747113849,0.03644933763284443,1.7231052853341033,0.013919814009271
NJ-MC-4,2.813915301265996,0.048424380468347364,2.4360632042851695,0.019210509109418968
NJ-MC-5,2.6824303970804095,0.1213642366860284,1.8609889644073714,0.05344401511762176
NM-CC1-1,2.521396049195929,0.07775796646557036,1.0195586515515958,0.0019653986187619247
NM-CC1-5,2.5866618769843424,0.014854501018170162,1.0742504982680146,0.011694584398598296
NM-CC2-1,2.5801589063149377,0.02623385070336295,1.1420145238140516,0.011670485221891385
NM-CN-1,2.8820198756870057,0.08924311155323758,1.481511841880517,0.007504191001438563
NM-CN-2,2.9029460277097154,0.024486164120102964,1.5273438597971456,-0.0
NM-CNF-3,2.476028975281236,0.11876851236301827,1.5232006733010965,0.021994016743666932
NM-EB-2,2.5653611876395113,0.03733193102741249,0.9272460936413334,0.03827962294113532
NM-EB-3,2.5039971311926412,0.09414198785697765,1.040270184096787,0.027308199503475343
NM-GNF-1,3.0229579106983913,0.04250393670105427,1.9215954821967574,-0.0
NM-LNF-3,3.527207877739007,0.013002565536321604,2.9310476235339484,0.0034694789841937324
NM-OM-1,2.757175855355809,0.10952748392233934,1.2577733979732382,0.011835616993482867
NM-OM-4,2.656197691966719,0.08585694241826165,1.1749182692780922,0.005443890623220609
NM-SAN-1,2.654470590874587,0.07882748862411913,1.4474853992911478,0.038863960188653776
NM-SAN-2,2.7562552230202546,0.12415806173433727,1.6108878807287716,0.03111166627917311
NM-SFNF-4,3.2656988552571007,0.11173185207545648,2.4717170487456595,0.00733753831228006
NM-SFNF-5,3.085782317626659,0.08305823644643603,2.3988525102691556,0.01587282477198132
NV-LM-1,2.011508068981215,0.04038647252961605,0.7795181497675718,0.008274718154640186
NV-LM-2,1.9370468943497627,0.13331795254231252,0.8447612682940802,0.12683228003786343
NV-LM-5,2.1241549520247767,0.01269972748116173,0.7875788670451775,-0.0
NY-BM-1,2.5855461022228106,0.20001545982391813,2.4451017792094993,0.05435753533416108
NY-BM-2,3.2474900573372616,0.055541647551607946,2.787317445492097,0.0034781817507086085
NY-BM-3,3.259753800751655,0.06302968338834698,2.9653147018984036,-0.0
NY-BM-4,2.4693490336060586,0.053467752053384,1.2545009841029318,0.0148218707441037
NY-BM-5,3.166340516568562,0.08658546217448769,3.105143389230599,0.00547722812040229
NY-CB-2,2.977456032620208,0.04643320155113915,2.7020172768305986,0.008948888279838137
NY-CB-3,3.035828591007087,0.06815266012460897,2.8025915998341713,0.025933452808243683
NY-CB-5,2.9456732240435684,0.07028117958552105,2.60865744730795,0.008070023093882188
NY-TS-1,3.2556719994184036,0.07775763333789482,3.226799239479961,-0.0
NY-TS-3,3.0628313814437944,0.0903833309712445,2.8807805174145535,0.0017575162134650674
NY-TS-4,2.9732503747335404,0.08890004030558613,2.519815043654549,0.06308783955265279
NY-TS-5,3.0361492650384836,0.07387981395564847,2.9242780646497475,0.00981461323293207
OH-CV-1,2.951319621231744,0.04948222646888173,2.777096406289838,0.012804111742461134
OH-CV-2,3.1079370664062598,0.06582267759106313,2.9111536207083164,0.003476297891249132
OH-CV-3,2.7445148462408766,0.23488572187465923,2.6565509364310196,0.024498098342427138
OH-CV-4,3.152267060874593,0.13010616274020637,2.9557774201545577,0.010891728338709003
OH-CV-5,3.139483220879979,0.16952363404306084,2.9801883928514483,0.03168211696657199
OH-DSP-1,2.959713046682341,0.08056033172745186,2.6523119648704863,0.03364658485812295
OH-DSP-2,2.9437885211539876,0.13394815781332164,2.6938482434056676,0.04005090238804832
OH-DSP-3,3.1474512810296926,0.15985685396328997,3.056221884566277,0.010143350899056259
OH-DSP-4,3.300870343436403,0.09082977348456786,3.107853144042121,0.03965348900558657
OH-DSP-5,3.21188276980638,0.0642737171368271,3.1248706500255503,0.00627844065627418
OH-KPW-1,3.4616194706771855,0.04885567866699631,3.119323234238618,0.004071225251865565
OH-KPW-2,3.0158532154606417,0.08886900533555124,2.910488012876063,0.004175494811177962
OH-KPW-3,3.226712067590352,0.07416672645761446,3.0999272497703254,0.011618371082033245
OH-KPW-4,2.7934685346065606,0.05293066452646507,2.5811420500104565,0.013344769084236246
OH-KPW-5,3.028930798222947,0.07943809111364034,2.8439888294623357,0.01283767317534065
OH-MSF-1,2.858063926666428,0.08652541316713795,2.5284866199214138,0.02950293185769091
OH-MSF-2,3.053924431359237,0.06476952013179563,2.7459041088632468,0.007264191396627369
OH-MSF-3,2.985325085656199,0.10652370794777237,2.810005748870475,0.02151395994835143
OH-MSF-4,3.1006527233897714,0.12201066488265927,2.834834377768146,0.030988722299167423
OH-MSF-5,3.1156573496054625,0.051685521994263614,2.8632316300960614,0.010188373771570558
OH-WN-1,3.037636931498774,0.09792489486208807,2.8894445153787554,0.020489080730960927
OH-WN-3,2.8148426423441797,0.20014866498694062,2.7993412829493503,0.022334302093539038
OH-WN-4,2.7270685551147307,0.22078245916948752,2.6664925635148213,0.029506782696571126
OH-WN-5,3.2256423814631923,0.018849864362757058,2.985204083918486,0.00698185273133916
OK-KSP-1,3.475237318778599,0.030551656366250582,3.153326991904596,-0.0
OK-KSP-3,3.305827583538548,0.10320815328479875,2.6397964003262846,0.001759445893577355
OK-LW-4,3.352951182760467,0.06716571621852209,2.874154128028097,0.02524067599940736
OK-MP-1,3.4542400690539528,0.07036612281588765,3.1858425617867523,0.006507357914103016
OK-MP-2,3.1981193378729644,0.032926607231481525,3.004088500926295,-0.0
OK-MP-3,3.432912391707831,0.040188391742001596,3.2176111766832958,0.0022592163206267986
OK-MP-5,3.6626991474213564,0.03943952763989183,3.3378905747648724,0.0038875109698629975
OK-SD-3,2.9528575569041515,0.05462391540888065,2.1655502416839565,0.025102981049754572
OR-DN-1,2.6670882434880308,0.07311474098374361,2.154885268310156,-0.0
OR-DN-2,2.8189129498573036,0.09433304846700806,2.1925488120294268,0.011679355946421917
OR-DN-3,2.865255928249016,0.09385301225779923,2.2248863414489546,0.016654447141740622
OR-DN-5,2.144700858697496,0.10855275192531834,1.2060192761974782,0.1810270211447276
OR-FL-1,3.0043621895048167,0.08120806349220075,2.8898765891587406,0.02170653325974486
OR-FL-4,3.046425331803941,0.053107904271259596,2.855304830210311,-0.0
OR-MD-1,2.8231741822991436,0.04631557534001948,2.468308275618745,0.014719610724800337
OR-MD-2,3.0675739807172984,0.06450593563795513,2.5471629895171497,-0.0
OR-MR-1,2.0981560478838284,0.13589255501929662,1.904707749615407,0.20370464937296678
OR-MR-3,3.1706098252578405,0.10228207256789941,2.9895044239614297,0.006462523219200802
OR-MR-4,3.0597364616922462,0.1202255364592734,2.9351782597643554,0.046758121666795834
OR-SF-1,2.7742138052970837,0.04040574474287852,1.409857042522499,0.0069927505521109054
OR-SN-1,2.7633045478008835,0.02854760276241143,1.879335453960444,-0.0
OR-TS-2,2.6935243440379852,0.07757394879522476,2.5829406180801473,0.009389544504777773
OR-TS-3,2.5959900084202014,0.0666383500937685,2.4453318872009335,0.005811785432388259
OR-TS-4,2.721547496117737,0.07605815854504998,1.8794280919509463,0.01409380654914193
OR-UN-5,2.5054607532294653,0.1073645575764769,1.3339765161148784,0.004704419342924197
PA-AN-1,2.319179113041698,0.06882650098207671,0.8702314289516062,0.021977971855986482
PA-AN-2,2.733272061546702,0.024323808265870998,1.2658577283360852,0.0031745124440879873
PA-AN-3,2.42395920654315,0.06187691529410838,1.011371332307315,0.021034793738758134
PA-AN-4,2.413749666565032,0.05984987857817323,0.8920889434127729,0.06329480094539092
PA-AN-5,2.7640053387236225,0.03221042679681069,1.01647809766893,0.006963770260603363
PA-BE-1,3.0719199819748937,0.053874317802409484,1.8838374602104078,0.016030072688751198
PA-BE-2,2.3645208843478573,0.08508655790027767,1.0185192178876044,-0.0
PA-BE-3,2.9713917638527527,0.032938137684575756,1.9055929822788513,0.04517785151693282
PA-BE-4,2.8269221863278484,0.13343639872798294,2.7643889296039257,0.010798503269638616
PA-BE-5,2.6385544968010417,0.07490001219150379,1.2110683167029468,0.009410784333476726
PA-RC-1,2.941126348128159,0.08720054485098556,2.1101028056340576,0.04760285938224615
PA-RC-2,2.7241521312950225,0.14270878939867943,2.600745819623357,0.08740447634815601
PA-RC-3,2.7013406513903226,0.11855688202828527,2.1253514649101164,0.03207235456351205
PA-RC-4,2.6097602005080733,0.07810190147879796,1.4350076642640541,0.016042288828999555
PA-RC-5,3.1218957627287294,0.11213959155495377,2.8717402380144583,0.015573216341427614
PA-SGL-1,3.0968038971640386,0.09130066136806458,3.096411324350907,0.025164588775295014
PA-SGL-3,2.6163143149532213,0.04852704977393164,1.7990032348199603,0.04783763952715979
PA-SGL-4,3.0089447676605756,0.017017380523470786,1.9084353951770907,0.004963692286736855
SC-AJ-1,2.644069503146207,0.1357560797346794,1.8637817030270307,0.014458370475505071
SC-AJ-2,3.1034959426968745,0.09745984503055659,2.825864505360009,0.004572417751501947
SC-AJ-3,2.5315674559842587,0.1142411320038641,1.6096423628857797,0.0103979278953354
SC-AJ-4,2.775633297820937,0.1430016005871299,2.2723318422553183,0.0076971440939783385
SC-AJ-5,3.0771246052771994,0.11600922943952884,2.986978060391538,0.0035639277630748153
SD-AS-1,3.00780447005307,0.181711764484867,2.852467855184421,0.014169542681494873
SD-AS-2,3.3708869225387597,0.05964006397923317,3.0940122009060538,-0.0
SD-AS-3,3.1830489002600384,0.1159293119773567,2.961631050978889,0.006599819004969271
SD-AS-4,3.3283057929689575,0.017569801190771867,2.933202439208559,0.026305200386136308
SD-AS-5,3.429701603756028,0.05028882362663167,3.157437232843803,0.011194672504154981
SD-BH-1,3.5056255182748224,0.021295587937202865,3.049804152780414,-0.0
SD-BH-2,3.2381991694356937,0.11368349784547621,3.016922933707723,0.001808165320500291
SD-BH-3,3.4100534147051715,0.06944924718230733,3.1227743314948304,0.013745805436134148
SD-BH-5,3.262008242261244,0.08001624786857599,2.937159009311132,-0.0
SD-BN-1,2.7938492074919856,0.17219141893302475,2.0129890468492855,0.03679466959781952
SD-BN-2,3.1368962469900903,0.0689882189572779,2.4617935345207584,0.006092351915246369
SD-BN-4,2.9468570931890863,0.10178479452140643,2.240878763415298,0.013824800324699777
SD-BN-5,2.8174695454416265,0.2202751901618079,2.073211331882888,0.0892682561153575
SD-CS-1,3.2762751399825345,0.059006880608947175,3.136890300642059,0.02711756552550218
SD-CS-2,3.1099711909165793,0.08709647289962275,2.4136616676198916,0.007874032619141932
SD-CS-3,3.289328195669069,0.07228722629617758,3.0543354700330987,0.022135701016156053
SD-CS-4,3.1517200702834995,0.06030582194096467,2.75650209666632,0.01031975108604868
SD-CS-5,3.3058901740170703,0.0076111677048753944,3.1160719275484174,-0.0
SD-DN-1,3.032479210233797,0.16776243844763855,2.902215494122246,0.07873205099071012
SD-DN-2,3.3965542792844707,0.025097489577309888,2.8079719648639605,0.014358286718689004
SD-DN-3,3.5146015475820325,0.010058005591205538,2.9218279707322523,-0.0
SD-DN-4,3.7762521028249054,0.009611409133864796,3.2033557408790365,-0.0
SD-DN-5,3.53686683647337,0.06578075288993794,3.1263889885642366,0.0049748667153241026
SD-LH-1,3.3006073893083934,0.0669781182458628,3.1230421063099545,0.015290137667544794
SD-LH-2,3.3710059438248288,0.07665158477001176,3.1471706899041503,0.006855680566878741
SD-LH-3,3.520332250373505,0.05845478686759314,3.214114210042938,0.002174174484980141
SD-LH-4,3.2553819478234907,0.1224643645119722,3.045789802113551,0.00396082150267424
SD-LH-5,3.1075518911877884,0.07284233539082108,2.811219327007601,0.0025657555555425324
SD-OL-1,3.5023467457345836,0.058866089885198945,3.2103499768918873,-0.0
SD-OL-2,3.3897652424954465,0.07701304244953813,3.2106614664433186,0.007241750916514236
SD-OL-3,3.3723761879958487,0.04251682659244013,3.259179899035707,0.009128048742600797
SD-OL-4,3.2562160367172313,0.11503917034356603,3.0988179529927757,0.0037284952505764694
SD-OL-5,3.559221950745596,0.03421427622317453,3.3600871924899174,-0.0
SD-SS-1,3.220388683001585,0.06988247284381034,2.986206873175276,0.029279525976690084
SD-SS-2,3.295811823117747,0.054046734913903646,3.0304333265243866,-0.0
SD-SS-3,3.1832101462177205,0.0997861029089208,2.92712203059863,0.002090990466243609
SD-SS-4,3.1684137742599656,0.07706735240942647,3.0292710679664334,0.007744694031128542
SD-SS-5,3.2179683956594536,0.11437820893849494,2.914495187562803,0.0019263511640826075
TN-CS-1,3.216399597654494,0.06745110738048384,2.74185009463311,0.01236765969451986
TN-CS-2,2.9983544432310723,0.07524405151870396,1.845433346752799,0.011972754517904602
TN-CS-3,2.544185935379208,0.12151420016340866,1.346313836301172,0.02251415272709018
TN-CS-4,2.748335433846154,0.06610023432280492,1.23815662649742,0.025234810269465988
TN-CS-5,2.6797274187030373,0.12620650454561413,1.1255444361749025,-0.0
TN-FC-1,2.6584946549464985,0.08200033345444047,1.1847066009394094,0.009400530982573225
TN-FC-2,2.7194851158301856,0.04000552783887063,1.394778484068226,0.00767410549859112
TN-FC-3,2.670617379620367,0.065972292960847,1.369683117904832,0.026332257925555977
TN-FC-4,2.8707515890940054,0.010552206450258715,1.361778418671212,0.010552206450258715
TN-FC-5,2.7189924608580074,0.04681992122817731,1.3853147108144754,0.011741189165615578
TN-WR-2,3.2044059994562364,0.15765638586658723,2.936015609147951,0.017638929114270698
TN-WR-3,3.0320895514256074,0.17141054153199736,2.6891350025157488,0.02421177691579953
TN-WR-4,2.969867868641914,0.13190629828890427,2.8463708940859043,0.03216050204292316
TN-WR-5,3.2748337075047913,0.10199334041130871,3.0198355068024956,0.01742068185405723
TX-AB-1,3.1836011458054276,0.048533051203153654,3.1003720425092838,-0.0
TX-AB-2,3.0983369279253465,0.13509590176415046,3.029727190549523,0.006313563575796518
TX-AB-4,2.8746718683978383,0.1138924575734048,2.917549862622483,0.019124117273285883
TX-AB-5,2.6112912213546333,0.06152984579155455,2.3627472647772625,0.018042121219705293
TX-BB-1,2.538540309109306,0.07001465674663039,1.168312801596399,0.00873675709207801
TX-BB-2,2.3011766540865684,0.06512210004664945,0.9864261316529866,0.01324445822007711
TX-BB-3,2.3465255991684453,0.0704727706675224,1.1337714181541871,0.008310378303221832
TX-BN-1,0.8394434538989728,-0.0,-0.0,0.5459683813379649
TX-BN-4,0.6764629522170815,-0.0,-0.0,0.640269044809357
TX-CB-1,3.1476720462902,0.07344061380632166,2.175007512783014,0.0310471665334307
TX-CB-2,3.0901973260101845,0.08758397501709483,2.351722299277959,0.19218861348001526
TX-CB-4,3.0946226992080237,0.06984665961129018,2.3190988553755925,0.005541160385747582
TX-CH-2,3.11157777984421,0.12797573425517128,2.197229586685765,0.021888425557653184
TX-CH-3,2.9660721052824495,0.13116603125374526,2.0503902515163297,0.011694468329073978
TX-CH-4,2.5702930433485007,0.07437678978201707,1.4407573837121166,0.4012157940744612
TX-CH-5,3.3230568817530606,0.05670787742615943,2.577390662871813,0.014548718719480238
TX-CR-1,2.7736153607616316,0.15090308908693553,2.339472920494531,0.04011369914474127
TX-CR-3,2.7543600679804485,0.1715527404220669,2.266534553243944,0.05932915949614774
TX-CR-4,3.0538021251334593,0.10907372264626398,2.6368907501581558,0.03658084363924593
TX-CR-5,2.9988480668210125,0.11729782613865791,2.7078404761343933,0.019766829340938846
TX-DP-1,3.172845595592459,0.08810432021170939,2.5843545388841296,0.008613472025599162
TX-DP-2,2.7685501434291075,0.166958685188451,2.1701018392664966,0.053947403606792635
TX-DP-5,2.7953149602978784,0.1958573738221135,2.084881065089988,0.04509812973029484
TX-GCS-1,3.268228997761153,0.05648751512781288,2.3756401736431036,0.006318847956359047
TX-GCS-2,3.0773504400703966,0.03127321637171014,2.0986523604550307,-0.0
TX-GCS-3,3.3039625495626255,0.059635259606684685,2.4296062721840728,0.02181763268092874
TX-GCS-4,3.153811630507722,0.02890721460044038,2.2177137630154737,-0.0
TX-GCS-5,3.273908199123103,0.05704841319957443,2.432609998761742,0.014128651018673867
TX-LL-2,3.430724185464501,0.06894099574216134,2.995370153983368,0.024106955256465595
TX-LL-4,3.2440837601612023,0.07348492341358673,2.7601580844792273,0.00950849241953756
TX-MC-1,3.0033442699593005,0.12356871296377711,2.218400116882535,0.012496991640027414
TX-MC-3,3.255514409047792,0.07001765185940277,2.618099536348474,0.004015679294931023
TX-MC-4,3.2381338344517765,0.03522168771428108,2.254676808048721,0.009071640676094884
TX-MN-1,3.1407753120320128,0.11614202711011261,2.6491239530769026,0.00727356323128941
TX-MN-2,2.956858667416534,0.11004711938557502,2.232342103638678,0.017060850108370024
TX-MN-3,3.244642501293093,0.04066767731283344,2.397871493028517,0.009226933934503146
TX-MN-4,3.092962232520308,0.0930238504129231,2.3244824958491246,0.027883976403437073
TX-MN-5,3.056905990152397,0.16505794753509243,2.3079111577504627,0.09592752820863844
TX-PDC-3,3.177984672804919,0.042412768448215336,1.864478582094023,0.004030259840386195
TX-PDC-4,3.1865973831050445,0.05736985467611217,1.8887620386938417,-0.0
TX-SH-1,2.6810939296223895,0.1021635407194111,2.219975118402251,0.02165126501444704
TX-SH-2,3.0162407440748753,0.14763154706665668,2.702608813517142,0.03081675784880148
TX-SH-3,3.2420842287675398,0.11060985914449657,2.8819094021718645,-0.0
TX-SH-4,2.300824502477846,0.13096772916693236,1.2527391242307413,0.01735047686524464
TX-SH-5,2.6401568880814112,0.10777651723735761,1.8585190746560962,0.03687049899203269
UT-BD-1,2.4503203719074853,0.06605893031328003,1.073215957142445,0.0036389452517696656
UT-BD-4,2.2635968605704493,0.08273571973855327,0.8716337481551557,0.030175115399278522
UT-BD-5,2.495052839494041,0.07070294323822798,1.1465027388794324,0.03270832718405772
UT-CG-2,2.952599910443083,0.1290598945773562,2.177327314528426,0.005884185825377281
UT-CG-3,2.881740340366695,0.10261300952493885,1.9960641722207122,0.010476269050382885
UT-CG-4,2.774075533293712,0.10650705219313367,1.8573583865400967,0.04447944596413997
UT-DN-2,2.9020848406076434,0.044192117448375444,1.9373662059916095,0.007677687269744022
UT-FN-1,2.5661583311419514,0.1655236679722636,1.9729933338630774,0.04387042995963729
UT-FN-3,2.9520529241770412,0.06539689187780347,1.7484986381647705,0.003936652355004058
UT-FN-4,2.9359258756857507,0.08612310236530406,2.6712845523818802,0.007930804118056798
UT-SL-1,2.6807674487449473,0.11699482162060211,1.7997133077603653,0.023787660072331046
UT-SLC-3,2.605089723895301,0.11138950002580432,1.7278007648725349,0.042497980680866757
UT-SLC-4,1.6375011297255317,0.08403418826437514,1.0336133246687318,0.40518368590304676
UT-SLC-5,2.956068185317502,0.12119733551734921,2.4301299370705403,0.011201804642416407
WA-KB-1,3.1183288927551636,0.11240901549734579,2.7617264866382234,0.0034272124259633096
WA-KB-4,3.091945538641048,0.1646829795644782,2.898845386515487,0.005284426807625546
WA-KB-5,3.2452940506967765,0.0675173978619197,2.9938587237036267,0.007588294593365323
WA-MB-1,2.2521804950363817,0.13991986945276913,1.7514246758498961,0.08113573106484906
WA-MB-5,2.2235531558948245,0.24713370657792086,1.61291431209778,0.02421863463493995
WA-SB-2,3.366553977134513,0.05567094012555455,2.3036100763781238,-0.0
WA-SB-4,3.4303572562549784,0.05053338827844823,2.611379692173755,-0.0
WA-SB-5,3.4089230364608025,0.04288705829308942,2.5584930527933323,-0.0
WA-TM-2,2.6396393161051783,0.07755811073781291,2.349199980220834,0.023746425331079245
WY-BB-1,2.690604459258202,0.09515895092638824,1.4672402227120471,0.06904008037068432
WY-BH-1,3.037397636330276,0.05373289366633344,1.9392210493212214,-0.0
WY-BH-3,2.638106313964654,0.06150144629340195,1.7335664735567256,0.06281373711873903
WY-BH-4,3.149564537687358,0.09224780772489263,2.262906411638301,0.028640667769922377
WY-BH-5,3.225314620256331,0.05641805037363941,2.632761051056997,0.0040769658536381845
WY-BN-2,3.1126493300505502,0.13799922904389403,2.5479771620812093,0.008201890693894159
WY-BN-5,3.1744846789225836,0.1234237312462585,2.76958106944537,0.03340312504765951
WY-TB-1,2.9403605976951175,0.07514474089251306,2.05402224546784,-0.0
WY-TB-2,2.904606920234432,0.12310058246092474,1.9156405542262651,0.013239813972883896
WY-TB-3,3.246625252089922,0.05629298234048112,2.3468349675215303,0.004039957078993871
WY-TB-5,2.983015732303842,0.12047235477921767,2.3841030503777665,0.02474794912602036
WY-YN-5,2.4953933109382604,0.06753086366807091,1.4955950819481678,-0.0
