index,k__Bacteria;__,k__Bacteria;p__,k__Bacteria;p__AD3,k__Bacteria;p__Acidobacteria,k__Bacteria;p__Actinobacteria,k__Bacteria;p__Armatimonadetes,k__Bacteria;p__BHI80-139,k__Bacteria;p__BRC1,k__Bacteria;p__Bacteroidetes,k__Bacteria;p__Chlamydiae,k__Bacteria;p__Chlorobi,k__Bacteria;p__Chloroflexi,k__Bacteria;p__Cyanobacteria,k__Bacteria;p__Elusimicrobia,k__Bacteria;p__FBP,k__Bacteria;p__FCPU426,k__Bacteria;p__Fibrobacteres,k__Bacteria;p__Firmicutes,k__Bacteria;p__GAL15,k__Bacteria;p__Gemmatimonadetes,k__Bacteria;p__Nitrospirae,k__Bacteria;p__Planctomycetes,k__Bacteria;p__Proteobacteria,k__Bacteria;p__TM6,k__Bacteria;p__TM7,k__Bacteria;p__Verrucomicrobia,k__Bacteria;p__WPS-2,k__Bacteria;p__WS2,k__Bacteria;p__WS3,k__Bacteria;p__[Thermi]
AL-BN-1,8,0,13,795,904,6,0,0,87,0,0,109,5,0,0,0,0,48,0,14,16,363,1748,0,0,703,25,0,4,0
AL-BN-2,2,0,1,835,1152,9,0,1,145,9,0,224,4,0,0,0,0,111,0,33,14,272,1642,2,0,374,0,0,14,0
AL-BN-3,0,0,0,1352,1153,3,0,0,40,0,0,171,0,0,0,0,0,58,0,13,65,430,1267,0,0,361,0,0,8,0
AL-BN-4,3,0,0,1200,782,2,0,0,130,0,0,200,9,0,0,0,4,42,0,30,40,271,1678,0,0,106,0,0,3,0
AL-CSP-3,44,0,18,905,500,3,0,0,66,6,0,60,21,9,0,0,0,51,0,5,0,595,2044,10,0,488,19,0,0,0
AL-CSP-4,34,0,0,961,749,0,0,0,81,0,0,20,74,0,0,7,0,50,0,4,0,459,1977,10,0,395,57,0,0,0
AL-CSP-5,72,0,0,655,1776,2,0,0,191,11,2,0,17,0,0,0,0,86,0,0,0,195,1532,4,0,85,87,0,0,0
AL-OM-1,3,0,15,536,990,0,0,0,69,0,0,111,0,0,0,2,0,278,0,0,5,678,1846,0,0,388,25,0,0,0
AL-OM-2,3,0,14,450,1159,0,0,0,32,0,0,67,37,0,0,0,0,113,0,0,0,566,1897,7,0,455,61,0,0,0
AL-OM-3,4,0,17,593,1403,0,0,0,71,0,0,67,11,0,0,0,0,75,0,0,0,578,1639,0,0,476,33,0,0,0
AL-OM-4,6,0,53,597,1042,0,0,0,30,0,1,116,0,10,0,0,0,129,0,8,0,520,1789,0,0,546,31,0,0,0
AL-OM-5,0,0,0,840,1200,0,0,0,75,0,0,80,0,0,0,0,0,118,0,0,17,392,1765,0,0,424,5,0,0,0
AL-TIH-1,4,0,0,858,1359,0,0,0,98,0,0,167,1,0,0,0,0,74,0,37,78,206,1004,0,0,386,0,0,3,0
AL-TIH-2,4,0,2,656,1025,21,0,0,48,0,0,89,7,0,0,0,0,30,0,16,6,619,1734,2,0,673,13,0,0,0
AL-TIH-3,2,0,2,607,1065,5,0,0,33,6,0,50,0,4,0,2,0,31,0,11,11,824,1657,14,0,559,7,0,0,0
AL-TIH-4,3,0,8,832,1131,0,0,0,47,0,0,126,0,0,0,0,0,56,0,51,0,607,1649,0,0,381,8,0,0,0
AL-TIH-5,2,0,41,675,1416,11,0,0,28,0,0,15,17,1,0,0,0,7,0,7,0,609,1605,14,0,331,101,0,0,0
AL-TN-1,0,0,0,1275,1112,26,0,0,43,0,0,419,0,0,0,0,0,16,0,43,45,445,1026,0,0,0,0,0,8,11
AL-TN-2,0,0,0,888,1055,0,0,0,87,0,0,319,0,0,0,0,2,31,0,38,48,307,1865,0,0,79,0,0,17,0
AL-TN-3,4,0,0,806,906,11,0,0,44,0,3,283,0,0,0,0,0,71,0,39,52,632,1734,0,0,69,0,0,8,0
AL-TN-4,0,0,0,1195,1038,32,0,0,44,0,3,465,4,0,0,0,0,37,0,68,29,345,1463,0,0,53,0,0,9,0
AL-TN-5,4,0,17,633,1710,0,0,0,46,0,0,153,8,0,0,0,6,35,0,76,0,346,1673,0,0,133,29,0,2,0
AR-BG-2,2,0,0,644,1110,0,0,0,125,0,0,173,0,0,0,0,3,255,0,2,48,195,1181,0,0,349,0,0,0,0
AR-BG-3,0,0,0,895,1274,5,0,0,66,0,2,244,0,0,0,0,0,245,0,9,48,210,1202,1,0,410,0,0,18,0
AR-BG-4,0,0,0,888,1279,0,0,0,151,0,3,265,0,0,0,0,0,186,0,28,38,336,1386,0,0,175,0,0,0,0
AR-BG-5,5,3,0,830,1229,4,0,4,136,0,0,324,0,0,0,0,2,235,0,21,27,235,1317,0,0,230,0,0,0,0
AR-FR-1,3,0,0,1360,602,0,0,3,84,0,3,131,0,0,0,0,0,62,0,34,116,318,1707,5,0,129,0,0,8,0
AR-FR-2,0,0,0,1291,839,1,0,3,56,0,0,242,0,0,0,0,0,37,0,20,122,347,1009,0,0,158,0,0,38,0
AR-FR-3,0,0,0,1244,867,0,0,0,35,0,0,168,0,0,0,0,3,50,0,37,110,227,1548,0,0,219,0,0,0,0
AR-FR-4,0,0,0,1366,818,2,0,0,32,0,0,217,0,0,0,0,0,32,0,8,141,238,748,0,0,175,0,0,32,0
AR-FR-5,0,0,0,1601,552,7,0,0,34,0,0,156,0,2,0,0,2,37,0,13,188,196,686,0,0,240,0,0,32,0
AR-LL-1,5,0,12,696,1364,3,0,0,38,0,0,126,6,0,0,0,0,97,0,5,9,449,1293,0,0,582,35,0,0,0
AR-LL-2,4,0,20,712,948,0,0,0,50,5,0,99,0,0,0,0,0,209,0,22,48,272,1447,0,0,1056,3,0,0,0
AR-LL-3,12,0,3,664,1503,0,0,0,70,0,0,55,2,3,0,0,0,126,0,5,0,432,1639,3,0,314,73,0,0,0
AR-LL-4,0,0,0,739,1169,0,0,0,72,0,0,158,0,0,0,0,0,62,0,11,46,315,1279,0,2,977,0,0,0,0
AR-LL-5,0,0,3,822,961,0,0,0,92,0,1,202,0,0,0,0,2,132,0,15,58,160,1351,0,0,511,0,0,0,0
AZ-IF-2,20,0,0,350,2197,59,0,0,26,0,0,358,49,0,7,0,0,84,0,60,5,75,555,0,0,34,0,0,0,0
AZ-IF-3,26,0,0,422,2079,101,0,0,41,0,0,409,28,0,5,0,0,104,0,106,9,90,539,0,0,37,0,0,0,0
AZ-IF-4,10,0,0,166,2503,11,0,0,78,0,0,192,8,0,12,0,0,386,0,128,9,11,504,0,0,23,0,0,0,0
AZ-PN-5,0,0,0,1134,1763,52,0,0,54,0,0,268,0,1,0,0,0,25,0,138,28,275,734,0,0,179,1,0,3,0
AZ-SD-4,51,0,0,287,2231,42,0,0,12,0,0,510,11,0,0,0,0,39,0,41,6,58,280,0,0,38,0,0,0,2
AZ-SM-1,6,0,0,815,1970,53,0,0,72,0,0,442,28,0,10,0,0,0,0,89,5,161,504,0,0,71,0,0,0,0
AZ-SM-3,0,0,0,587,1888,71,0,3,103,0,0,223,0,2,13,0,0,32,0,116,2,192,752,0,0,42,0,0,0,0
AZ-TN-5,8,0,16,427,2051,69,0,0,48,0,0,375,0,0,1,0,0,136,0,98,11,206,586,0,1,58,0,0,0,0
CA-AN-1,0,0,0,594,2452,22,0,0,41,0,0,326,15,0,8,0,0,60,0,87,5,416,517,0,0,74,0,1,0,0
CA-AN-2,0,0,3,117,3025,17,0,0,91,0,1,142,0,0,0,0,0,141,0,41,2,172,951,0,0,35,0,0,0,0
CA-AN-5,0,0,13,341,2740,15,4,0,81,0,0,191,23,0,6,0,0,67,0,72,4,210,917,0,0,109,0,0,0,0
CA-BS-2,0,0,0,993,1514,48,0,0,63,0,0,187,0,3,0,0,0,29,0,93,5,617,722,0,0,451,0,0,0,0
CA-BS-5,0,0,0,1014,1400,15,5,4,83,0,1,381,0,0,0,0,0,52,0,51,9,359,683,0,1,226,0,0,18,0
CA-DE-1,0,0,0,32,583,0,0,0,0,0,0,45,0,0,0,0,0,387,0,0,0,75,437,0,0,12,0,0,0,0
CA-DE-5,0,0,0,654,1769,5,0,2,93,0,1,395,0,0,2,0,4,37,0,49,8,286,614,0,0,50,0,0,0,0
CA-JT-3,10,0,0,246,2423,84,0,1,65,0,0,357,29,0,7,0,0,24,0,133,0,251,790,0,0,19,0,0,0,0
CA-LP-2,0,0,0,620,1868,28,0,1,49,0,0,411,1,0,0,0,3,118,0,91,5,400,721,0,0,56,0,0,2,0
CA-LP-3,6,0,2,581,1748,71,0,0,39,0,0,144,0,0,0,0,0,63,0,40,0,488,972,0,0,225,12,3,0,0
CA-MO-5,0,0,9,492,1544,22,0,0,12,2,0,206,19,0,0,0,1,280,0,13,0,387,732,0,0,247,14,0,0,0
CA-MT-3,1,0,4,629,2080,13,0,0,45,0,0,223,51,0,0,0,0,37,0,82,10,415,474,0,0,189,1,0,0,0
CA-NM-2,2,0,0,822,873,0,0,0,196,0,0,50,5,0,0,0,0,61,0,4,30,192,2105,0,0,389,0,0,0,0
CA-NM-3,0,0,0,829,1332,13,0,0,69,0,0,161,4,1,0,0,0,33,0,14,54,164,1238,1,3,274,3,0,19,0
CA-NM-4,1,0,0,1063,1414,8,4,7,123,0,2,254,0,2,0,0,3,35,0,22,19,448,1033,0,0,304,0,0,8,0
CA-PN-1,3,0,0,340,2270,12,0,0,185,0,1,204,85,0,1,0,2,101,0,33,21,225,1013,0,0,60,0,0,0,0
CA-SN-2,3,0,14,909,1464,33,0,0,91,0,0,135,1,4,0,0,0,44,0,115,13,293,914,0,0,350,43,0,0,0
CA-SN-3,9,0,68,966,1443,62,4,0,50,0,2,207,0,0,0,0,0,22,0,91,4,296,983,0,0,342,168,2,0,0
CA-SNP-5,3,0,67,619,1765,42,0,0,98,0,3,138,3,4,0,0,2,15,0,54,8,429,954,0,0,110,44,0,1,0
CA-SR-2,0,0,0,327,2167,64,0,0,101,0,0,198,0,0,0,0,0,35,0,139,2,310,858,0,0,37,0,0,0,0
CA-WM-4,11,0,0,370,2190,0,0,0,308,0,2,144,0,0,0,0,0,26,0,277,8,48,1048,0,0,31,0,0,0,0
CA-YN-1,8,0,111,400,1514,89,0,0,32,0,0,152,18,8,0,0,1,3,0,19,2,476,901,0,0,123,286,0,0,0
CA-YNP-2,0,0,3,806,1977,0,0,0,21,0,2,243,0,0,0,0,0,250,0,97,26,288,822,0,0,135,0,0,0,0
CA-YNP-3,3,0,12,814,1154,27,0,0,62,0,0,101,0,5,0,0,0,35,0,28,19,332,1923,0,0,182,4,0,0,0
CA-YNP-4,0,0,1,1087,1473,15,0,0,42,1,0,154,6,7,0,0,0,56,0,77,29,340,1095,0,0,239,0,0,0,0
CO-BL-1,0,0,0,367,1629,7,0,2,111,0,1,413,0,0,0,0,0,15,0,18,11,233,798,0,0,56,0,0,0,0
CO-BL-2,0,0,0,640,1482,15,0,0,63,0,0,437,0,0,0,0,0,40,0,61,7,180,567,0,0,38,0,0,0,0
CO-CS-1,0,0,0,342,1505,5,0,5,188,0,0,500,1,0,0,0,0,9,0,16,4,415,966,0,0,143,0,0,0,2
CO-HM-1,0,0,0,805,1774,0,0,2,66,0,0,239,0,0,0,0,3,94,0,80,25,160,805,0,0,77,0,0,0,0
CO-HM-2,3,0,0,779,1553,9,0,0,15,0,0,435,7,0,0,0,0,36,0,41,30,220,496,0,0,48,0,0,0,0
CO-HM-4,0,0,0,71,641,5,0,0,1705,0,0,45,0,0,1,0,2,42,0,108,0,10,1586,0,0,13,0,0,0,4
CO-HM-5,0,0,0,748,1341,7,0,0,48,0,0,500,0,0,5,0,0,46,0,65,17,323,505,0,0,57,0,0,0,0
CO-LP-1,3,0,0,581,1533,42,0,0,31,0,0,576,0,0,6,0,5,20,0,70,12,246,461,0,0,6,0,0,0,6
CO-LP-3,17,0,0,490,1585,84,0,0,35,0,0,604,2,0,10,0,1,16,0,68,20,328,411,0,0,28,0,0,0,5
CO-LS-1,0,0,0,620,1675,3,0,2,76,0,0,609,16,0,6,0,0,31,0,56,10,280,843,0,0,44,0,0,0,0
CO-LS-3,0,0,0,296,2151,7,0,2,159,0,0,489,0,0,9,0,0,16,0,71,15,101,830,0,0,81,0,0,0,24
CO-MV-1,0,0,0,556,1728,26,0,0,27,0,0,809,11,0,0,0,0,16,0,46,4,363,452,0,0,53,0,0,0,0
CO-MV-3,0,0,0,528,1358,17,0,0,10,0,0,746,18,0,0,0,0,13,0,59,2,368,544,0,0,30,0,3,0,2
CO-MV-4,0,0,0,65,357,0,0,0,2996,0,0,21,2,0,0,0,0,126,0,38,0,8,730,0,0,0,0,0,0,0
CO-RNF-2,0,0,0,834,1583,4,0,4,80,6,0,363,0,4,0,0,3,78,0,62,0,309,579,0,0,288,0,6,0,0
CO-RNF-4,1,0,0,829,1744,11,0,0,81,0,0,349,1,0,3,0,0,253,0,71,6,202,500,0,4,203,0,0,0,0
CO-SP-5,0,0,0,763,1572,1,0,1,48,0,0,358,21,0,0,0,0,50,0,63,10,226,434,0,0,57,1,0,0,1
CO-TS-3,3,0,0,717,1480,26,0,0,66,0,0,616,0,0,1,0,0,26,0,46,5,267,505,0,0,39,0,0,0,4
CT-UF-2,0,0,33,661,715,9,0,0,56,0,0,92,4,1,0,0,0,42,0,17,2,924,1597,1,0,667,74,0,0,0
CT-UF-4,1,0,159,636,846,14,0,0,38,0,0,108,0,6,0,0,0,27,1,3,9,851,1634,1,0,428,132,0,0,0
CT-UF-5,23,0,13,749,1151,14,0,0,29,0,0,4,0,0,0,6,0,34,0,11,0,478,1896,5,6,213,91,0,0,0
DE-WC-1,2,0,25,817,1137,8,0,0,50,0,0,204,0,0,0,0,0,115,0,16,59,277,1283,0,0,392,14,0,22,0
DE-WC-2,0,5,9,704,1015,3,0,0,92,8,0,247,4,2,0,0,1,186,0,17,69,434,1379,2,0,656,0,0,21,0
DE-WC-3,0,0,201,737,1474,28,3,0,43,0,0,139,2,0,0,0,0,70,0,38,3,307,1373,0,0,155,147,0,0,12
DE-WC-4,0,0,15,708,1624,20,0,2,64,0,0,451,42,0,0,0,0,57,0,100,32,275,851,0,0,202,0,1,5,5
DE-WC-5,0,0,0,665,1203,8,0,0,32,2,0,212,3,0,0,0,0,257,0,48,56,224,1170,2,0,544,0,0,19,0
FL-BS-3,0,0,0,922,1058,0,0,0,72,0,1,107,2,0,0,0,0,115,0,22,119,280,1431,0,0,374,0,0,5,0
FL-BS-4,0,0,0,814,1306,0,0,0,12,0,0,134,0,0,0,0,0,80,3,5,15,662,1247,0,0,353,141,0,0,0
FL-BS-5,0,0,0,749,1069,0,0,0,94,0,0,103,0,0,0,0,2,129,0,3,92,280,1545,0,0,475,11,0,0,0
FL-ON-2,0,0,0,963,918,2,0,0,28,5,0,385,6,0,0,0,0,79,0,73,99,279,770,0,0,49,0,6,17,0
FL-ON-5,11,0,14,647,1390,4,0,0,20,0,0,49,0,0,0,14,0,118,1,2,1,474,926,1,3,79,210,0,0,0
FL-PC-3,0,0,0,825,944,0,0,0,34,2,0,147,0,0,0,0,0,46,0,19,222,345,1009,0,0,402,0,0,16,0
FL-PI-1,1,0,0,868,740,2,0,0,34,5,0,97,0,0,0,0,0,123,17,32,47,365,1617,0,0,275,54,0,6,0
FL-PI-2,0,2,0,954,802,0,0,0,71,0,3,260,0,0,0,0,2,96,0,6,166,369,1015,0,0,179,0,0,21,0
FL-WP-3,12,0,4,855,1211,4,0,0,65,19,0,83,0,0,0,0,0,47,0,31,10,254,1692,0,0,417,20,0,0,0
FL-WP-4,11,0,43,410,1717,0,0,0,20,4,0,139,9,6,0,0,0,35,0,3,0,311,1256,11,0,225,71,0,0,0
FL-WP-5,0,0,0,742,1201,16,0,0,26,0,0,403,0,0,0,0,0,34,0,140,96,111,466,0,0,73,0,0,29,0
GA-CNF-1,7,0,39,784,882,0,0,0,18,0,0,58,11,0,0,3,0,43,0,0,0,628,2015,0,2,372,67,0,0,0
GA-CNF-2,0,2,23,672,820,7,0,0,39,0,0,182,0,0,0,0,0,49,0,11,4,717,2068,15,0,281,35,0,0,0
GA-CNF-3,0,0,0,996,1081,9,0,1,123,0,0,356,6,0,0,0,3,7,0,42,57,260,1727,0,0,119,0,0,6,1
GA-CNF-4,12,0,28,587,1083,7,0,0,27,0,0,75,0,11,0,0,0,21,0,4,5,457,2057,24,0,468,63,0,0,0
GA-CNF-5,0,0,52,579,791,6,0,0,66,0,0,89,0,0,0,0,0,13,0,3,0,599,2116,4,0,582,14,0,0,0
GA-RT-1,0,0,0,1153,1013,0,0,0,37,0,0,234,0,0,0,0,0,20,0,38,42,644,1173,0,0,523,0,0,25,0
GA-RT-2,11,0,23,733,1045,4,0,0,54,0,0,125,7,0,0,0,0,29,0,13,13,778,1643,22,0,401,21,0,0,0
GA-RT-3,0,0,7,518,1066,6,0,0,67,0,0,109,0,5,0,0,0,13,0,4,0,795,1704,0,0,537,34,0,0,0
GA-RT-4,16,0,57,755,1261,0,0,0,8,0,0,94,15,0,0,0,0,20,0,2,0,578,1518,0,0,401,54,0,0,0
GA-RT-5,0,0,0,945,807,0,0,0,106,0,0,145,0,0,0,0,0,52,0,33,69,461,1787,0,0,444,3,0,11,0
GA-SC-2,35,0,1,1052,816,0,0,0,17,0,0,6,12,0,0,0,0,61,0,3,0,313,2247,13,0,242,49,0,0,0
GA-SC-3,11,0,55,632,1630,10,0,2,11,1,0,13,4,0,0,0,0,17,5,7,4,611,1472,0,3,331,69,0,0,0
GA-SC-4,15,0,5,639,1202,6,0,0,25,0,0,20,14,0,0,3,0,14,0,12,0,678,1760,17,0,469,39,0,0,0
GA-SC-5,3,0,7,553,1172,10,0,0,30,0,0,9,20,2,0,0,0,18,0,3,0,544,2089,12,5,305,53,0,0,0
GA-SCN-1,1,0,24,625,1044,0,0,0,54,3,0,97,0,5,0,0,0,32,0,29,14,649,1832,7,0,512,13,0,0,0
GA-SCN-2,0,0,12,1182,811,0,0,0,23,0,0,346,0,0,0,0,0,28,0,20,92,593,1468,2,0,226,0,0,33,0
GA-SCN-3,0,0,27,825,1138,0,0,0,48,0,0,174,0,8,0,0,0,118,0,11,62,552,1451,0,0,395,0,0,11,0
GA-SCN-4,0,0,8,1229,1117,0,0,0,21,4,0,335,0,0,0,0,0,25,0,35,73,389,982,0,0,286,0,0,6,0
GA-SCN-5,0,0,89,583,1011,3,0,0,9,0,0,289,2,0,0,0,0,43,0,30,132,529,1344,2,0,465,25,0,15,0
IA-BC-1,0,0,0,683,1071,3,0,4,71,8,0,231,0,3,0,0,0,138,0,9,70,166,1078,0,2,499,0,0,23,0
IA-BC-2,0,0,0,725,1208,5,0,0,30,0,1,345,0,0,0,0,0,26,0,15,65,173,526,1,0,357,0,0,24,0
IA-BC-3,0,0,0,592,1059,2,0,0,42,0,1,160,0,0,0,0,0,197,0,28,77,136,843,0,0,714,0,0,17,0
IA-BC-4,0,0,0,1015,1090,6,0,0,67,0,3,255,0,0,0,0,4,100,0,30,84,169,1102,0,0,497,0,0,21,0
IA-BC-5,0,0,0,812,1155,3,0,0,65,6,0,227,7,0,0,0,0,63,0,28,64,161,773,0,0,253,0,0,10,0
IA-CB-1,0,0,0,920,1094,4,0,0,60,0,0,167,0,0,0,0,0,60,0,38,108,188,901,2,0,353,0,0,11,0
IA-CB-2,0,0,0,1015,722,0,0,0,16,0,0,89,0,0,0,0,0,99,0,19,156,86,1113,0,0,1163,0,0,10,0
IA-CB-3,0,0,0,932,989,15,0,4,78,0,0,226,0,4,0,0,0,186,0,50,68,239,1391,7,0,361,0,0,18,0
IA-CB-4,1,0,0,953,886,10,0,4,85,2,1,224,0,0,0,0,0,85,0,14,60,198,1045,0,0,266,0,0,14,0
IA-CB-5,0,0,0,971,935,13,0,0,71,0,0,176,0,0,0,0,0,51,0,26,119,133,933,0,0,407,0,0,16,0
IA-CS-2,0,5,0,852,1221,8,0,1,84,0,0,205,0,0,0,0,1,220,0,20,60,190,999,0,0,561,0,0,23,0
IA-CS-3,0,0,3,817,1386,6,0,5,70,0,0,195,0,0,0,0,4,135,0,21,61,209,1065,2,0,647,2,0,4,0
IA-CS-4,0,0,0,937,1139,20,0,6,152,0,2,235,3,0,0,0,0,70,0,51,75,250,1227,0,0,535,0,0,5,0
IA-CS-5,1,0,0,1278,1152,5,0,0,186,0,2,276,0,0,0,0,0,23,0,67,37,283,1149,2,0,210,0,0,47,0
IA-RR-1,0,0,0,1089,1433,5,0,0,50,0,0,515,0,0,0,0,0,12,0,20,20,205,580,0,0,112,0,0,5,0
IA-RR-2,0,0,0,1241,713,0,0,0,37,0,2,285,0,0,0,0,0,50,0,28,137,139,746,0,0,89,0,0,32,0
IA-RR-3,0,0,0,995,1476,12,0,0,30,0,0,515,0,0,0,0,3,47,0,39,63,177,880,0,0,30,0,0,14,0
IA-RR-4,0,0,0,1083,1091,17,0,0,45,0,0,278,0,0,2,0,0,134,0,19,75,195,951,0,0,73,0,0,18,0
IA-RR-5,0,0,0,1099,1346,0,0,0,37,0,0,364,0,4,0,0,0,65,0,42,62,219,621,1,0,88,0,0,28,0
ID-BD-4,6,0,0,598,1908,22,0,0,39,0,0,571,0,0,6,0,0,41,0,126,11,220,424,0,0,35,0,6,0,0
ID-BN-3,0,0,18,1129,1592,30,0,0,70,5,0,328,4,1,0,0,0,25,0,96,11,252,981,0,0,279,0,0,27,0
ID-BN-5,0,0,7,1354,1441,20,0,0,77,0,0,265,0,0,0,0,0,85,0,108,36,165,631,0,0,558,12,0,0,0
ID-MN-1,0,0,0,478,1922,0,0,0,94,0,1,298,17,0,7,0,0,4,0,81,0,306,423,0,0,90,0,0,0,9
ID-MN-2,5,0,0,377,1889,8,0,6,67,0,0,504,50,0,9,0,0,16,0,70,6,251,358,0,0,84,0,3,0,11
ID-MN-3,0,0,0,330,1771,6,0,0,42,0,0,464,145,0,5,0,0,0,0,50,1,298,383,0,0,71,0,0,0,5
ID-MN-4,3,0,0,379,2006,24,0,0,22,0,2,733,0,0,6,0,0,6,0,122,7,234,554,0,0,32,0,0,0,0
ID-MN-5,5,0,0,498,1929,13,0,0,62,0,0,377,1,0,1,0,4,30,0,68,2,339,487,0,0,53,0,0,0,0
ID-SFP-3,1,0,0,1039,1625,2,4,0,42,3,0,237,0,5,0,0,0,209,0,89,5,234,453,0,0,141,0,0,0,0
ID-SJ-2,0,0,0,820,1831,12,0,0,42,0,0,159,9,0,0,0,0,539,0,41,5,225,845,0,0,377,0,0,0,0
ID-SJ-4,1,0,3,802,1552,24,0,2,62,0,0,271,0,3,0,0,3,173,0,9,10,342,986,1,0,658,0,0,17,0
ID-SJ-5,8,0,0,859,1181,1,0,0,203,0,2,67,0,0,0,0,0,201,0,83,0,108,1881,0,0,274,0,0,0,0
IL-CL-1,0,0,0,1009,1110,2,0,4,117,0,3,241,0,0,0,0,0,93,0,48,48,248,1273,0,0,451,0,0,49,0
IL-CL-2,4,0,0,1052,1036,2,0,0,55,0,3,307,0,0,0,0,0,137,0,29,119,279,998,0,0,205,0,0,25,0
IL-CL-3,0,0,0,685,689,0,0,0,67,0,1,87,23,6,0,0,5,404,0,35,37,85,1515,0,0,1105,0,0,17,0
IL-CL-4,0,0,0,1412,1380,21,0,0,91,0,0,300,9,5,0,0,4,20,0,35,33,331,976,0,0,196,0,0,48,0
IL-CL-5,0,0,0,823,762,5,0,0,58,0,0,60,11,0,0,0,0,556,0,39,12,85,1539,0,0,919,1,0,0,0
IL-KS-1,0,0,0,966,929,7,0,0,45,13,1,154,0,0,0,0,0,110,0,27,45,295,1308,0,0,937,0,0,22,0
IL-KS-2,0,0,0,956,1106,0,0,0,60,0,0,141,0,5,0,0,0,71,0,0,84,231,1182,0,0,885,0,0,0,0
IL-KS-3,2,0,0,879,919,1,0,0,184,0,0,161,0,0,0,0,0,0,0,12,81,112,2113,0,0,226,0,0,18,0
IL-KS-4,0,0,0,1210,835,0,0,0,101,0,0,172,0,0,0,0,0,49,0,23,150,262,1385,4,0,711,0,0,7,0
IL-KS-5,1,0,0,1332,663,4,0,0,130,0,0,328,0,0,0,0,2,26,0,22,107,308,1487,0,0,128,0,0,62,0
IL-LW-1,0,0,0,657,1189,0,0,0,137,0,7,137,3,0,0,0,0,112,0,40,76,73,1669,2,0,143,0,0,11,0
IL-LW-2,2,0,0,1333,878,4,0,0,83,0,0,197,0,0,0,0,0,18,0,21,148,291,1170,4,0,236,0,0,27,0
IL-LW-3,0,0,0,1033,941,0,0,0,119,0,2,153,0,0,0,0,6,27,0,20,118,264,1445,0,0,344,0,0,16,0
IL-LW-4,0,0,0,964,832,2,0,0,70,10,1,151,0,0,0,0,0,57,0,0,139,305,1306,0,0,592,0,0,44,0
IL-LW-5,0,0,0,740,809,0,0,0,136,0,5,146,0,5,0,0,6,162,0,25,108,113,1790,0,0,264,0,0,36,0
IL-PM-1,0,0,0,1096,1140,0,0,0,42,0,0,210,2,0,0,0,0,75,0,19,124,113,903,2,0,170,0,0,4,0
IL-PM-2,0,0,0,1289,845,3,0,0,70,0,0,261,0,0,0,0,0,42,0,31,83,225,1403,0,0,126,0,0,22,0
IL-PM-3,0,0,0,1012,1290,3,0,0,82,4,1,200,0,0,0,0,0,111,0,29,49,207,1366,0,3,130,0,0,19,0
IL-PM-4,0,0,0,827,960,0,0,0,43,0,2,192,0,1,0,0,0,146,0,27,71,140,969,0,4,113,0,0,9,0
IL-PM-5,0,0,0,667,982,0,0,0,102,0,0,91,0,6,1,0,0,162,0,37,89,128,1830,0,0,135,0,0,1,0
IN-EC-1,0,0,0,1026,711,0,0,0,59,0,2,131,0,0,0,0,0,107,0,17,112,155,1387,0,0,602,0,0,22,0
IN-EC-2,0,0,0,959,776,0,0,0,43,0,0,109,0,0,0,0,0,132,0,24,111,205,1380,2,0,866,0,0,23,0
IN-EC-3,0,0,0,900,912,1,0,0,88,4,0,103,0,0,0,0,4,161,0,0,70,225,1506,0,0,803,0,0,31,0
IN-EC-5,3,1,0,688,909,10,1,0,47,0,0,165,5,2,0,0,0,209,0,24,20,337,1600,0,0,886,0,0,22,0
IN-RH-1,0,0,9,1011,965,0,0,2,62,0,0,145,0,3,0,0,0,33,0,26,70,251,1374,0,2,790,0,0,3,0
IN-RH-2,0,0,0,1160,810,0,0,0,58,0,0,229,0,0,0,0,0,31,0,28,138,254,1301,0,0,121,0,0,32,0
IN-RH-3,0,0,21,1006,876,0,0,0,40,0,0,205,0,2,0,0,0,113,0,16,52,296,1437,0,0,707,0,0,22,0
IN-RH-4,0,0,0,882,1148,7,0,1,64,0,0,129,0,5,0,0,0,56,0,10,9,406,1567,0,2,636,5,0,3,0
IN-RH-5,0,3,0,859,769,16,0,4,105,0,0,246,6,0,0,0,1,72,0,23,85,215,1190,0,0,388,0,0,23,0
IN-SS-1,0,0,0,834,958,0,0,0,66,0,0,89,4,4,0,0,0,75,0,15,63,172,1437,0,0,960,0,0,9,0
IN-SS-2,0,0,0,859,842,0,0,0,113,0,0,152,0,0,0,0,0,87,0,22,82,303,1670,0,0,820,0,0,11,0
IN-SS-3,0,0,0,807,1011,0,0,0,114,9,0,173,0,0,0,0,0,86,0,8,98,181,1457,0,0,716,0,0,31,0
IN-SS-4,0,0,0,968,788,5,0,0,140,0,4,212,2,5,0,0,5,106,0,22,131,273,1538,0,0,543,0,0,43,0
IN-SS-5,0,0,3,877,949,0,0,0,91,9,0,113,0,0,0,0,6,62,0,8,52,251,1734,0,0,754,8,0,21,0
IN-TR-1,0,0,13,946,615,0,0,0,56,0,0,126,0,0,0,0,0,295,0,28,97,381,1918,9,0,332,0,0,4,0
IN-TR-2,65,0,31,1259,869,0,0,0,41,28,0,89,0,16,0,0,0,84,0,0,0,376,1734,11,0,157,37,0,0,0
IN-TR-3,0,0,0,990,1099,0,0,0,96,0,7,307,0,0,0,0,0,50,0,17,120,315,1392,1,0,200,0,0,10,0
IN-TR-4,4,0,7,714,1024,12,0,0,56,7,0,149,0,5,0,0,0,68,0,14,10,394,2076,7,0,392,4,0,0,0
IN-TR-5,0,0,6,674,1344,9,0,0,115,12,0,176,0,7,0,0,0,295,0,47,58,241,1448,0,0,283,0,0,2,0
IN-WM-1,0,0,0,1096,732,0,0,0,123,0,3,199,0,0,0,0,1,44,0,26,115,304,1418,0,0,181,0,0,36,0
IN-WM-2,0,0,9,858,839,8,1,0,62,3,0,122,0,2,0,0,0,63,0,57,60,462,1530,0,0,802,0,0,11,0
IN-WM-3,2,2,0,1038,1019,6,0,0,141,0,1,353,0,6,0,0,9,57,0,22,85,286,1420,0,0,121,0,0,23,0
IN-WM-4,1,0,0,602,811,0,0,0,101,0,1,67,0,0,0,0,3,113,0,48,29,161,1686,0,0,1196,0,0,3,0
IN-WM-5,0,3,0,812,616,2,0,0,113,0,4,168,0,0,0,0,0,93,0,25,124,278,1414,0,0,669,0,0,10,0
KS-MS-2,1,0,0,937,1018,0,0,0,66,0,0,237,0,0,0,0,0,52,0,41,62,301,1245,0,0,155,0,2,11,0
KS-MS-5,2,0,0,712,1191,0,0,0,142,0,0,52,1,0,0,0,0,391,0,70,25,13,1251,0,2,766,0,0,0,0
KY-RR-1,0,0,0,496,698,2,3,1,136,0,0,150,0,0,0,0,3,98,0,32,37,655,1907,0,0,734,0,0,0,0
KY-RR-2,6,0,4,449,823,7,0,0,125,4,0,66,0,3,0,0,2,36,0,10,8,556,2371,0,1,365,6,0,0,0
KY-RR-3,4,0,4,552,643,1,0,0,101,0,0,68,4,6,0,0,0,27,0,5,0,907,1810,2,4,772,21,0,0,0
KY-RR-4,23,0,10,519,908,1,0,0,87,0,0,32,3,1,0,0,0,21,0,0,0,824,1875,7,2,512,36,0,0,0
KY-RR-5,7,0,4,495,791,1,0,0,146,0,0,48,2,3,0,0,0,29,0,12,0,745,2237,0,0,408,12,0,0,0
LA-AN-1,0,0,0,1141,368,0,0,0,30,0,1,36,0,0,0,0,0,30,0,37,294,211,1104,0,0,87,0,0,11,0
LA-AN-2,0,2,0,1021,692,2,0,0,38,0,2,176,0,0,0,0,0,102,0,32,202,213,1264,5,0,117,0,0,32,0
LA-AN-3,0,0,3,949,618,0,0,0,35,0,2,150,0,0,0,0,0,129,0,29,284,182,1085,4,0,184,0,0,9,0
LA-AN-4,4,0,0,1111,504,0,0,0,32,0,4,165,0,0,0,0,0,204,0,32,223,214,1156,3,0,101,0,0,50,0
LA-AN-5,0,0,0,1005,634,3,0,0,31,0,2,155,0,0,0,0,0,224,0,33,285,152,1060,3,1,104,0,0,44,0
LA-HN-1,5,0,0,1081,469,0,0,0,35,0,0,7,4,0,0,0,0,19,0,0,0,232,2507,0,0,533,20,0,0,0
LA-HN-2,3,0,13,732,627,7,0,0,48,0,0,67,2,0,0,0,0,94,0,0,19,374,1732,4,0,1064,24,0,0,0
LA-HN-3,30,0,0,994,1408,5,0,0,71,0,0,63,56,0,0,0,0,141,0,0,0,96,1175,0,0,433,72,0,0,0
LA-HN-4,10,0,17,702,866,0,0,0,35,0,0,32,0,4,0,0,0,55,0,10,0,381,1841,5,0,843,53,0,0,0
LA-HN-5,0,0,14,897,647,11,0,0,36,2,0,134,1,3,0,0,0,31,2,4,11,576,1877,1,0,635,43,0,0,0
LA-JW-1,0,0,0,1013,789,0,0,0,70,0,0,156,0,0,0,0,0,71,0,8,121,271,1349,0,0,106,0,0,13,0
LA-LO-1,0,0,0,1081,723,8,0,0,55,0,2,119,0,0,0,0,0,112,0,31,165,201,1289,1,0,153,0,0,17,0
LA-LO-2,0,0,0,865,1069,4,0,0,61,0,1,199,21,0,0,0,0,107,0,11,111,187,906,3,0,205,0,0,17,0
LA-LO-3,0,0,0,531,1110,9,0,2,38,0,0,265,0,0,0,0,0,836,0,173,31,154,704,0,0,85,0,0,0,0
LA-LO-4,0,0,0,547,1226,6,0,0,134,0,0,123,65,0,0,0,0,430,0,166,58,34,1270,0,0,208,0,0,3,0
LA-LO-5,0,0,5,663,1237,4,0,0,73,0,0,132,6,0,0,0,0,378,0,192,67,96,1151,0,0,217,0,0,0,0
LA-TH-1,0,0,50,881,1226,5,0,0,40,9,0,166,0,3,0,0,0,139,5,18,43,442,1224,0,0,507,40,0,3,0
LA-TH-2,0,0,0,1457,843,7,0,0,60,0,0,352,0,4,0,0,1,19,0,29,113,465,949,0,0,80,0,0,0,0
LA-TH-4,0,0,45,920,1094,2,0,0,23,0,0,207,0,0,0,0,0,40,0,8,21,574,1354,0,0,560,33,0,5,0
LA-TH-5,0,0,20,1103,906,0,0,0,45,0,0,172,0,0,0,0,0,47,0,8,61,624,1334,0,0,539,12,4,0,0
MA-BW-1,14,0,19,647,1275,0,0,0,39,10,0,313,0,0,0,0,0,36,3,16,0,605,1099,2,0,276,55,0,0,0
MA-BW-2,6,0,96,422,2011,36,0,0,49,0,4,283,7,0,0,0,0,62,0,44,4,296,795,0,0,371,26,0,0,0
MA-BW-3,39,0,0,1324,757,0,0,0,9,0,0,0,4,0,0,2,0,13,0,5,0,385,1892,0,0,221,17,0,0,0
MA-BW-4,85,0,0,1535,618,2,0,0,2,0,0,5,0,0,0,0,0,26,0,0,0,167,2345,6,0,85,25,0,0,0
MD-AEC-1,158,0,14,1082,1576,8,0,0,78,0,0,1,3,11,0,0,0,31,0,2,0,186,1601,0,0,71,70,0,0,0
MD-AEC-4,0,0,0,481,1356,4,0,0,355,0,0,78,47,0,0,0,0,22,0,0,3,25,2049,0,0,116,0,0,0,0
MD-AEC-5,65,0,0,1547,728,0,0,0,0,10,0,8,10,0,0,2,0,45,0,4,0,268,2006,12,0,81,27,0,0,0
MD-AEC-6,0,1,14,858,1148,8,0,0,41,0,0,302,2,1,0,0,0,20,0,27,10,616,1155,0,0,506,22,0,23,0
MD-AEC-7,0,0,24,617,894,6,0,0,31,0,0,271,0,6,0,0,0,47,0,34,12,797,1646,0,0,465,11,0,2,0
MD-SERC-1,8,0,0,592,976,5,0,0,23,0,0,129,6,1,0,0,0,103,0,11,0,957,1585,11,0,444,72,0,0,0
MD-SERC-2,0,0,23,696,996,9,0,0,106,0,0,331,0,0,0,0,3,246,0,29,39,501,1364,2,0,486,25,0,24,0
MD-SERC-3,0,0,5,577,960,0,0,0,43,0,0,350,0,0,0,0,0,62,1,27,10,728,1445,0,0,547,24,0,33,0
MD-SERC-4,1,0,2,662,893,0,0,0,26,0,3,116,0,0,0,2,0,27,0,14,0,1122,1611,7,0,349,50,0,5,0
MD-SERC-5,14,0,1,598,1548,0,0,0,1,0,0,3,4,0,0,0,0,273,0,3,0,903,1140,0,0,122,234,0,0,0
ME-BC-2,4,0,15,386,1295,25,0,0,37,0,0,350,17,0,0,0,0,10,0,13,1,726,1421,0,0,514,32,0,0,0
ME-CB-1,10,0,29,940,1158,0,0,0,17,0,0,0,0,0,0,0,0,14,4,1,0,558,1934,0,0,76,133,0,0,0
ME-CB-2,0,0,116,822,895,0,0,0,30,0,0,46,8,3,0,0,0,9,0,0,0,563,1891,11,0,246,135,0,0,0
ME-CB-3,10,0,6,1528,926,0,0,0,20,0,0,0,0,0,0,2,0,27,0,0,0,255,1877,0,0,117,97,0,0,0
ME-CB-5,65,0,44,1471,1239,0,0,0,52,0,0,102,0,0,0,0,0,47,0,13,0,196,1401,0,0,138,116,0,0,0
ME-PF-1,55,0,26,1143,724,4,0,0,170,0,3,21,0,5,0,0,0,19,0,0,0,245,2315,0,0,102,32,0,0,0
ME-PF-2,8,0,0,967,772,0,0,0,235,5,0,31,0,0,0,0,0,27,0,6,0,348,2100,5,0,322,22,0,19,0
ME-SM-1,0,0,44,1422,433,0,0,0,63,0,0,30,0,7,0,0,0,29,0,12,0,257,2300,0,0,301,18,0,0,0
ME-SM-2,13,0,38,1727,651,7,0,0,46,22,0,42,0,0,0,0,0,42,0,0,0,241,1849,0,0,69,65,0,0,0
ME-SM-5,14,0,3,1386,537,0,0,0,70,0,0,43,8,7,0,0,0,48,0,0,0,365,2149,0,2,295,18,0,0,0
ME-WN-2,11,0,22,1382,486,0,0,0,32,0,0,17,1,0,0,0,0,45,0,4,0,431,2192,3,0,244,36,0,0,0
ME-WN-5,6,0,39,1850,437,0,0,0,41,0,0,90,0,6,0,0,0,40,0,10,0,241,1872,0,0,231,43,0,0,0
MI-CN-1,5,0,4,850,664,3,0,0,433,0,0,32,6,8,0,0,0,49,0,14,0,349,2172,0,0,224,38,0,0,0
MI-CN-5,0,2,5,743,776,3,0,0,53,0,0,46,0,0,0,0,0,13,3,30,6,921,1846,0,0,335,61,0,0,0
MI-HN-2,25,0,6,1311,685,4,0,0,47,0,0,4,0,0,0,0,0,42,0,9,0,468,2016,0,0,225,54,0,0,0
MI-HN-4,18,0,9,972,588,0,0,0,181,4,0,17,3,15,0,0,0,66,0,7,0,537,1906,0,0,470,38,0,0,0
MI-HN-5,0,0,0,689,684,0,0,0,102,0,0,7,0,11,0,0,0,69,0,3,3,590,2145,0,0,563,28,0,0,0
MI-MS-1,0,0,0,911,1212,0,0,0,78,0,0,293,0,0,0,0,0,39,0,11,55,418,1065,0,5,734,0,0,9,0
MI-MS-2,1,0,0,1015,1078,3,0,0,86,0,1,355,0,0,0,0,2,89,0,0,64,416,1209,0,0,504,0,0,13,0
MI-MS-3,2,0,0,702,1332,3,0,0,58,0,0,290,0,0,0,0,4,25,0,12,45,446,976,0,0,1007,0,0,10,0
MI-MS-4,0,0,0,634,1460,9,0,6,87,5,0,274,0,1,0,0,1,73,0,16,6,578,1022,0,0,668,0,0,19,0
MI-MS-5,0,0,0,768,1258,6,0,1,78,0,0,283,0,0,0,0,0,55,0,25,61,322,969,0,0,657,0,0,9,0
MI-MSP-4,6,0,0,305,1233,14,0,0,650,0,0,16,0,0,0,0,0,51,0,45,0,60,2238,0,0,76,0,0,0,0
MI-PR-1,1,0,0,610,822,0,0,0,155,0,0,57,0,0,0,0,0,13,0,11,17,163,2275,0,0,757,3,0,0,0
MI-PR-2,0,0,0,794,1506,0,0,0,167,0,0,376,1,0,0,0,4,0,0,45,34,382,1199,0,2,281,0,0,0,0
MI-PR-3,0,0,0,996,697,0,0,0,166,7,0,15,0,0,0,0,0,19,0,30,0,423,1980,0,0,481,38,0,0,0
MI-PR-4,0,0,0,515,788,0,0,0,240,3,0,80,0,0,0,0,0,21,0,63,0,266,2190,0,0,704,0,0,6,0
MI-PR-5,54,0,4,734,1206,5,0,0,325,0,0,0,0,0,0,0,0,17,0,0,0,393,2007,0,0,91,78,0,0,0
MN-BE-1,0,0,0,913,1024,6,0,0,34,0,2,442,0,0,0,0,0,14,0,35,98,274,729,0,0,134,0,0,17,0
MN-BE-2,0,0,0,990,1288,0,0,0,72,4,4,352,0,0,0,0,0,31,0,22,48,411,902,0,0,97,0,2,0,0
MN-BE-3,1,0,0,527,954,0,0,0,293,0,0,65,0,0,0,0,3,33,0,17,33,194,2463,0,0,57,0,0,0,0
MN-BE-4,3,0,0,876,1264,0,0,0,144,0,0,471,6,0,0,0,0,83,0,21,30,391,1030,2,0,170,0,0,0,0
MN-BR-1,1,0,0,860,1530,0,0,0,78,0,3,376,0,0,0,0,0,98,0,12,31,206,779,0,3,454,0,0,0,0
MN-BR-2,0,0,0,932,1613,12,0,0,50,0,0,307,10,0,0,0,0,72,0,79,42,155,511,0,0,288,0,4,0,0
MN-BR-3,0,0,0,866,1530,2,0,0,14,0,2,314,0,0,0,0,0,55,0,74,80,131,732,0,0,286,0,0,0,0
MN-BR-4,3,0,0,707,1889,3,0,0,126,0,0,297,1,0,0,0,0,182,0,42,28,232,932,0,0,193,0,3,0,0
MN-BR-5,0,0,0,662,1667,0,0,0,37,0,0,366,0,0,0,0,0,94,0,0,53,257,537,0,0,101,0,0,0,0
MN-CF-1,0,0,0,1019,1319,3,0,0,100,0,0,442,4,0,0,0,0,36,0,27,41,320,825,0,2,171,0,2,15,0
MN-CF-2,0,0,0,848,1195,6,0,0,48,0,0,519,0,0,0,0,0,87,0,0,30,211,530,0,0,132,0,0,0,0
MN-CF-3,0,0,0,646,916,0,0,0,261,0,6,134,0,0,0,0,0,101,0,19,73,147,1358,1,3,234,0,0,20,0
MN-FD-2,0,0,0,828,661,0,0,0,295,0,0,32,0,17,0,0,0,69,0,42,13,178,2139,4,3,578,0,0,0,0
MN-FL-4,1,0,0,704,1509,0,0,0,46,0,0,339,0,0,0,0,0,9,0,0,58,203,487,0,0,299,0,0,0,0
MN-LH-1,0,0,0,742,1012,14,0,0,94,0,0,197,0,5,0,0,5,314,0,0,63,431,998,1,0,1026,0,0,13,0
MN-LH-2,0,0,0,701,1197,4,0,0,80,8,0,226,0,0,0,0,0,209,0,20,1,594,1222,0,0,634,15,0,0,0
MN-LH-3,0,2,9,887,927,7,0,0,72,2,0,256,0,0,0,0,0,71,0,12,82,594,1371,0,0,466,0,0,4,0
MN-LH-4,0,0,0,734,1044,14,0,0,102,0,0,128,1,0,0,0,5,48,0,16,39,714,1179,5,0,914,0,0,5,0
MN-LH-5,0,0,0,616,604,0,0,0,195,0,0,66,0,6,0,0,5,173,0,6,29,202,1981,3,0,1034,0,0,0,0
MN-LR-1,0,0,0,496,934,0,0,0,135,0,1,97,0,0,0,0,0,191,0,10,63,64,1276,0,0,397,0,0,13,0
MN-LR-2,0,3,0,758,1213,23,0,4,44,0,3,364,1,0,0,0,0,29,0,27,80,293,520,0,0,399,0,0,35,0
MN-LR-4,0,0,0,529,721,0,0,0,159,0,0,54,0,0,0,0,0,112,0,25,38,90,1312,1,0,824,0,0,4,0
MN-LR-5,0,0,0,896,1209,9,0,0,58,0,0,333,0,0,0,0,0,20,0,15,79,337,718,2,0,410,0,0,30,0
MN-MH-1,1,0,0,407,1083,0,0,0,263,0,0,51,3,0,0,0,7,193,0,24,11,60,1468,0,0,1004,0,0,0,0
MN-MH-2,0,0,0,402,589,0,0,0,133,0,0,23,1,0,0,0,6,94,0,16,10,133,1614,0,0,1896,0,0,9,0
MN-MH-3,4,5,0,953,1193,9,0,0,85,0,2,385,0,0,0,0,0,35,0,11,82,437,1029,0,0,417,0,0,55,0
MN-MH-4,3,0,0,1019,1123,0,0,4,153,0,0,279,0,0,0,0,7,31,0,11,56,332,920,2,0,796,0,0,15,0
MN-MH-5,3,0,0,885,1324,6,0,0,35,0,0,448,4,0,0,0,0,98,0,8,51,240,707,0,0,408,0,0,17,0
MN-MS-1,0,3,0,792,1411,6,0,4,93,0,2,343,0,0,0,0,0,41,0,18,40,238,830,0,0,607,0,0,18,0
MN-MS-2,0,0,0,594,856,0,0,0,319,7,1,74,2,7,0,0,4,93,0,5,14,121,1892,0,0,931,0,0,7,0
MN-MS-3,0,1,0,735,1607,0,0,0,81,0,0,366,0,0,0,0,0,57,0,23,40,208,854,0,0,582,0,0,10,0
MN-MS-4,0,0,0,967,1314,0,0,0,122,0,4,355,0,0,0,0,7,50,0,4,43,224,995,0,1,797,0,0,0,0
MN-MS-5,2,2,0,832,1318,1,0,0,77,0,0,392,0,3,0,0,0,204,0,16,31,314,906,0,0,784,0,0,6,0
MN-RR-1,5,0,0,714,553,0,0,0,201,0,0,35,0,0,0,0,5,141,0,18,0,401,2089,0,3,706,3,0,7,0
MN-RR-2,0,0,0,901,929,9,0,0,51,0,0,219,0,0,0,0,0,21,0,11,4,566,1250,1,0,951,0,0,1,0
MN-RR-3,0,0,0,939,941,11,0,0,45,0,0,392,0,0,0,0,0,14,0,52,25,547,1194,1,0,409,10,0,15,0
MN-SD-2,0,0,0,742,787,0,0,0,123,0,0,75,0,0,0,0,0,147,0,66,40,103,1987,1,2,726,0,0,11,0
MN-SD-5,0,0,93,855,1254,28,0,0,8,0,3,347,10,9,0,0,0,189,0,47,56,310,836,0,0,405,10,0,9,0
MN-WS-3,0,0,0,596,511,1,0,0,176,0,0,40,0,0,0,0,0,242,0,10,0,290,1929,4,2,1105,0,0,0,0
MO-CSP-1,0,0,0,725,535,0,0,0,335,0,8,155,0,0,0,0,0,177,0,51,69,87,2145,0,0,234,0,0,24,0
MO-CSP-3,0,2,0,1352,679,0,0,0,95,0,0,352,3,0,0,0,0,9,0,18,104,487,1313,0,0,161,0,0,28,0
MO-CSP-4,0,0,0,729,1117,0,0,0,193,0,0,284,3,0,0,0,5,41,0,9,42,243,1702,0,0,171,0,0,0,0
MO-CSP-5,0,0,0,282,2133,0,0,0,194,9,0,52,0,0,0,0,0,105,0,18,40,35,1909,0,0,46,0,0,0,0
MT-BC-1,0,0,0,416,1761,0,0,3,69,0,0,72,0,0,4,0,0,587,0,118,17,12,686,0,0,85,0,0,0,0
MT-CG-1,1,0,0,540,1667,0,0,0,153,0,0,151,5,0,6,0,0,200,0,174,20,58,1131,0,0,54,0,0,0,0
MT-CG-3,0,0,0,805,1443,27,0,0,54,0,0,614,17,0,0,0,0,25,0,102,16,360,528,0,0,47,0,0,0,0
MT-CG-4,0,0,0,484,1682,0,0,0,129,0,0,180,0,0,12,0,0,315,0,194,15,79,1422,0,0,52,0,0,0,0
MT-CG-5,4,0,0,457,1851,5,0,0,58,0,0,141,10,0,0,0,0,173,0,201,36,70,904,0,0,38,0,0,0,0
MT-GNF-1,0,0,0,580,2041,0,0,3,55,0,0,131,3,0,0,0,5,289,0,166,24,70,1337,0,0,83,0,0,0,0
MT-GNF-2,0,0,0,644,1325,0,0,0,304,17,0,94,0,0,0,0,0,57,0,56,8,101,2048,0,0,200,0,0,0,0
MT-GNF-4,10,0,0,431,1785,0,0,0,103,0,0,132,0,0,0,0,0,381,0,171,13,66,1629,0,0,140,0,0,4,0
MT-LCN-1,0,0,0,656,1220,11,2,0,128,0,0,88,5,0,6,0,0,707,0,189,0,86,1291,0,0,450,0,0,0,0
MT-LCN-2,22,0,0,608,1616,0,0,0,257,9,0,137,2,6,2,0,0,76,0,142,0,65,1746,0,0,138,0,0,0,0
MT-LCN-4,12,0,0,652,1066,0,0,0,146,0,0,114,0,0,0,0,2,173,0,144,6,84,1973,4,0,431,0,0,14,0
MT-LTR-1,3,0,0,803,1413,8,0,0,260,0,0,180,25,0,0,0,0,168,0,214,47,30,1021,0,0,94,0,0,0,0
MT-LTR-2,0,0,5,1073,1374,10,0,0,76,0,0,363,0,0,0,0,0,197,0,87,22,316,614,0,0,123,0,0,0,0
MT-LTR-4,0,0,0,699,1307,0,0,0,232,8,0,125,5,11,8,0,1,253,0,173,37,35,835,0,0,191,0,0,0,0
MT-LTR-5,1,0,0,614,1420,0,0,0,186,0,0,106,27,0,9,0,0,78,0,157,26,37,1370,0,0,32,0,0,0,0
MT-PC-1,17,0,0,687,1754,12,0,0,44,0,0,523,12,0,0,0,0,40,0,143,23,251,517,0,0,41,0,0,0,0
MT-PC-3,0,0,0,756,1470,8,0,8,111,0,0,496,1,0,0,0,0,19,0,36,5,525,799,0,0,92,0,0,0,0
MT-PC-4,0,0,0,721,1542,35,0,0,64,0,0,485,12,0,0,0,0,33,0,103,31,273,578,0,0,44,0,0,0,0
MT-TP-2,6,0,0,730,1280,28,5,0,176,0,7,81,4,13,3,0,0,52,0,271,2,76,1845,0,0,207,0,0,0,0
MT-TP-3,14,0,17,777,1754,20,1,0,44,0,0,129,0,4,0,0,0,33,0,187,0,77,1636,0,3,145,0,0,0,0
MT-TP-5,28,0,16,860,1189,27,0,0,197,0,0,55,27,25,0,0,0,20,0,103,0,142,1607,0,5,197,43,0,0,0
MT-UTR-2,2,0,0,853,1357,0,0,0,251,4,0,106,0,0,13,0,0,70,0,140,23,58,1381,0,0,87,0,0,0,0
MT-UTR-4,0,0,0,762,1434,0,0,3,122,0,0,328,0,0,0,0,0,14,0,60,17,370,586,0,0,98,0,0,0,0
MT-UTR-5,0,0,0,913,1390,11,0,3,91,1,0,441,0,0,0,0,1,29,0,71,6,459,643,0,0,88,0,0,0,0
NC-CMSP-1,51,0,36,826,1078,4,0,0,101,0,0,64,7,3,0,0,0,11,0,8,0,162,2277,0,0,220,25,0,0,0
NC-CMSP-2,14,0,20,1016,839,6,0,0,67,21,0,103,0,7,0,0,0,12,0,0,0,183,2346,0,2,274,10,0,0,0
NC-CMSP-4,92,0,29,759,1479,0,0,0,32,0,0,42,6,0,0,0,0,22,0,4,0,104,2080,0,0,164,67,0,0,0
NC-CMSP-5,9,0,24,636,1574,0,0,0,10,0,0,89,0,0,0,0,0,15,0,0,0,762,1342,4,2,277,169,0,0,0
NC-CNF-1,19,0,15,1233,680,0,0,0,11,0,0,43,0,0,0,0,0,0,0,5,0,947,1512,21,0,383,17,0,0,0
NC-CNF-2,2,0,18,485,881,14,0,0,40,0,0,90,6,0,0,0,0,29,0,3,4,879,1473,0,5,935,49,0,0,0
NC-CNF-3,3,0,2,1133,508,8,0,0,107,0,0,11,10,0,0,0,0,63,0,0,0,185,2446,3,0,325,29,0,0,0
NC-CNF-4,1,0,6,638,737,0,0,0,140,0,0,44,8,3,0,0,0,25,0,16,0,444,2246,0,0,593,19,0,0,0
NC-CNF-5,5,0,0,597,608,0,0,0,77,0,0,55,0,0,0,0,1,79,0,19,20,175,2209,0,0,1098,3,0,0,0
NC-GSM-1,1,0,49,587,897,5,0,0,3,0,0,27,10,0,0,0,0,0,0,0,0,1052,1788,6,0,425,41,0,0,0
NC-GSM-2,0,0,59,640,873,2,0,0,25,0,0,73,0,0,0,0,0,14,0,0,6,904,1795,12,0,413,69,0,0,0
NC-GSM-3,0,0,4,622,913,0,0,0,35,0,0,9,33,0,0,0,0,14,0,0,0,917,2007,6,0,277,36,0,0,0
NC-GSM-4,0,7,2,410,1245,0,0,0,72,0,0,177,3,0,0,0,0,34,0,29,0,631,1644,0,0,556,17,0,0,0
NC-GSM-5,0,0,29,488,812,0,0,0,5,0,0,108,0,0,0,0,0,31,0,4,6,1112,1838,7,0,360,52,0,0,0
ND-AN-1,0,0,0,658,1874,2,2,0,97,0,0,485,0,0,0,0,6,76,0,21,13,258,478,0,0,133,0,0,5,0
ND-AN-2,3,0,0,605,1928,7,0,6,100,0,0,452,0,0,0,0,1,86,0,23,19,324,532,0,0,148,0,0,0,0
ND-AN-3,0,0,0,342,1595,0,0,2,131,0,0,110,0,3,0,0,1,1241,0,24,4,90,956,0,0,120,0,0,0,0
ND-AN-4,0,0,0,773,1705,13,2,9,81,0,0,464,0,0,0,0,4,150,0,11,18,271,492,0,0,218,0,0,0,0
ND-AN-5,0,0,0,606,1845,4,0,0,57,0,0,460,0,2,0,0,0,84,0,20,23,243,429,0,0,157,0,0,1,0
ND-ER-1,3,0,0,596,1772,2,0,0,132,0,0,88,15,3,7,0,0,559,0,213,18,13,801,0,0,91,0,0,0,0
ND-ER-5,0,0,0,587,1831,5,0,0,160,6,0,141,16,0,9,0,0,77,0,226,18,38,1182,0,0,81,0,0,0,2
ND-KS-1,0,0,0,499,1155,0,0,0,10,0,2,312,8,0,0,0,0,22,0,8,31,261,749,0,0,31,0,0,0,0
ND-KS-2,5,0,0,802,1475,0,0,5,97,0,0,429,0,0,0,0,0,19,0,25,22,483,792,2,0,89,0,0,19,0
ND-KS-3,5,0,0,876,1363,0,0,4,86,0,0,411,0,0,0,0,0,31,0,3,41,298,590,0,0,79,0,0,2,0
ND-KS-4,2,0,0,667,1702,0,0,2,104,0,0,585,0,0,0,0,0,62,0,7,5,387,529,0,0,125,0,0,0,0
ND-KS-5,0,0,0,496,1105,0,0,0,412,16,0,107,0,0,0,0,7,167,0,56,26,165,1689,0,4,83,0,0,3,0
ND-LI-5,0,0,50,899,1482,29,0,5,41,0,0,354,0,0,0,0,0,63,0,68,31,123,413,0,2,419,0,0,0,0
ND-LL-1,0,4,0,1069,1216,0,0,0,108,0,4,470,0,0,0,0,4,68,0,28,53,479,1055,0,3,87,0,0,42,0
ND-LL-2,0,0,0,690,1094,3,0,0,134,0,0,399,0,0,0,0,9,48,0,23,28,449,923,0,2,60,0,0,26,0
ND-LL-3,3,0,0,883,1474,6,0,4,59,0,1,322,0,0,0,0,2,137,0,23,29,303,701,0,0,164,0,0,31,0
ND-LL-4,1,0,0,863,1050,0,0,0,131,0,1,422,1,0,0,0,2,108,0,26,49,317,884,0,0,87,0,0,17,0
ND-LL-5,6,4,0,939,1062,7,0,0,60,0,0,462,0,0,0,0,3,68,0,13,59,337,769,0,0,65,0,0,51,0
ND-LN-1,0,2,0,522,998,9,0,0,145,0,0,140,1,5,0,0,1,643,0,63,14,71,1245,2,0,506,0,0,0,0
ND-LN-2,3,0,5,491,890,0,0,0,51,0,0,55,2,3,0,0,0,1624,0,144,22,36,918,0,0,434,0,0,4,0
ND-LN-4,0,0,24,741,1740,3,0,0,40,0,1,311,0,1,0,0,0,233,0,72,41,181,447,0,0,448,0,2,0,0
ND-LN-5,1,0,6,936,1452,10,0,0,42,0,0,347,8,0,0,0,0,45,0,77,44,268,545,0,2,449,0,0,9,0
ND-LZ-1,8,0,0,569,1877,0,0,0,94,0,1,107,15,8,0,0,0,115,0,79,24,28,769,0,0,99,0,0,0,0
ND-LZ-2,2,0,0,586,1768,0,0,0,106,0,0,131,0,0,0,0,0,208,0,140,45,29,1033,0,0,77,0,0,9,0
ND-LZ-5,0,0,0,540,2404,0,0,0,106,0,0,354,0,0,0,0,0,40,0,7,2,352,509,0,0,76,0,0,1,0
ND-WL-1,0,9,53,711,1635,17,0,0,33,5,0,399,5,0,0,0,0,78,0,79,37,127,360,0,0,346,0,0,0,0
ND-WL-2,0,0,0,721,1736,6,0,5,47,0,0,496,1,2,2,0,3,374,0,26,8,293,584,0,0,197,0,0,0,0
ND-WL-3,1,4,0,184,883,0,0,0,99,0,0,37,0,0,0,0,0,2674,0,34,2,12,645,2,0,114,0,0,0,0
ND-WL-4,3,9,4,686,1606,2,0,0,148,5,3,99,0,5,2,0,2,368,0,173,27,46,1182,0,0,293,0,0,0,0
ND-WL-5,1,0,0,782,1398,7,0,0,43,0,0,394,0,0,0,0,3,597,0,70,32,183,534,0,0,155,0,3,1,0
NJ-MC-3,4,0,0,794,625,0,0,0,76,7,0,42,3,10,0,0,0,1229,0,31,0,137,1589,4,0,323,13,0,0,0
NJ-MC-4,3,0,3,650,1121,0,0,0,73,0,0,160,18,4,0,0,0,346,0,34,22,105,1595,0,0,463,5,0,0,0
NJ-MC-5,24,0,3,894,1072,7,0,0,54,0,2,114,0,0,0,0,0,281,0,17,21,131,1516,0,0,237,41,0,0,0
NM-CC1-1,5,0,0,247,2271,18,0,0,45,0,0,233,40,0,11,0,2,22,0,149,34,42,1116,0,0,16,0,0,0,0
NM-CC1-5,8,0,0,187,2789,0,0,0,44,0,0,195,11,0,10,0,0,95,0,146,45,25,671,0,0,18,0,0,0,0
NM-CC2-1,5,0,0,297,2042,20,0,0,48,0,0,230,2,0,13,0,0,124,0,109,45,13,1095,0,0,20,0,0,0,0
NM-CN-1,0,0,0,264,2662,10,0,0,78,0,0,173,6,0,21,0,0,49,0,152,12,40,1030,0,0,41,0,0,0,0
NM-CN-2,0,0,0,369,2275,0,0,0,77,0,0,187,10,0,9,0,0,226,0,248,36,0,1090,0,0,17,0,0,0,0
NM-CNF-3,0,0,0,375,1703,1,0,0,187,0,0,202,91,0,19,0,0,15,0,244,23,62,1514,0,0,29,0,0,0,8
NM-EB-2,12,0,0,325,1893,21,0,0,148,1,0,178,12,0,16,0,0,353,0,109,44,18,793,0,0,29,0,0,0,2
NM-EB-3,4,0,0,446,1891,60,0,0,91,0,0,291,6,0,15,0,1,180,0,112,16,56,1121,0,0,26,0,0,0,3
NM-GNF-1,0,0,0,738,1574,13,0,0,67,0,1,227,0,0,8,0,0,123,0,122,33,106,918,0,0,44,0,2,0,0
NM-LNF-3,0,0,0,951,1269,0,0,0,127,0,2,227,0,3,0,0,4,188,0,100,19,96,1221,0,0,235,0,0,0,0
NM-OM-1,4,0,0,555,1803,78,0,0,139,0,0,220,3,0,16,0,0,314,0,93,10,76,842,0,0,87,0,0,0,0
NM-OM-4,0,0,0,444,1485,42,0,0,120,0,0,163,0,0,5,0,1,360,0,124,16,60,1490,0,0,53,0,0,0,1
NM-SAN-1,14,0,0,321,2742,13,0,0,27,0,0,404,0,0,1,0,0,35,0,206,21,68,489,0,0,7,0,0,0,0
NM-SAN-2,10,0,0,383,2345,29,0,0,66,0,0,365,0,0,1,0,0,60,0,212,33,83,658,0,0,16,0,0,0,0
NM-SFNF-4,0,0,0,618,2093,4,2,1,149,0,1,283,0,0,2,0,0,20,0,143,5,89,1163,0,0,81,0,0,0,5
NM-SFNF-5,7,0,0,994,1898,6,0,0,79,0,0,130,1,0,6,0,0,37,0,66,8,83,1291,0,0,244,0,0,0,0
NV-LM-1,8,0,0,228,2645,47,0,0,10,0,0,308,0,0,19,0,0,16,0,105,1,13,965,0,0,32,0,0,0,2
NV-LM-2,40,0,0,184,2553,28,0,0,72,0,0,405,0,0,8,0,0,107,0,102,5,51,849,0,0,35,0,0,0,0
NV-LM-5,7,0,0,147,3189,0,0,8,26,0,0,268,0,0,8,0,0,6,0,108,10,67,796,0,0,39,0,0,0,0
NY-BM-1,4,0,0,989,890,2,0,0,150,0,0,357,2,0,0,0,5,23,0,12,57,416,1626,0,0,145,0,0,15,0
NY-BM-2,0,0,41,747,1098,14,0,0,67,0,0,217,3,0,0,0,0,350,0,19,1,532,1378,0,0,402,12,0,3,0
NY-BM-3,2,0,8,744,1303,1,0,0,117,0,0,223,0,0,0,0,2,33,0,15,10,594,1309,0,0,513,7,0,0,0
NY-BM-4,7,0,18,817,1346,3,0,0,24,0,0,0,12,2,0,1,0,379,0,3,0,450,1597,9,5,104,84,0,0,0
NY-BM-5,0,0,0,719,958,0,0,0,53,0,0,363,0,2,0,0,0,38,0,12,80,541,1281,0,0,573,0,0,2,0
NY-CB-2,0,0,0,890,969,4,0,0,92,0,0,147,1,0,0,0,0,55,0,46,48,270,1918,0,0,475,0,0,11,0
NY-CB-3,0,0,0,730,977,0,0,0,109,0,0,187,1,0,0,0,0,161,0,29,76,155,1484,0,2,373,0,0,24,0
NY-CB-5,0,1,0,517,1386,3,0,0,56,2,0,188,0,2,0,0,0,32,0,38,13,601,1396,0,0,689,0,0,0,0
NY-TS-1,2,0,0,997,1062,0,0,0,56,0,0,417,0,0,0,0,6,10,0,3,118,357,899,0,0,555,0,0,24,0
NY-TS-3,0,0,0,668,1011,8,0,0,71,0,0,272,0,0,0,0,2,54,0,16,52,596,1219,2,0,835,0,0,20,0
NY-TS-4,0,0,6,681,1038,10,0,0,38,0,0,238,0,7,0,0,0,17,0,14,69,743,1332,5,3,618,5,0,10,0
NY-TS-5,0,0,0,886,884,3,0,0,58,0,0,296,0,0,0,0,0,16,0,19,66,563,1172,0,0,767,0,0,22,0
OH-CV-1,0,0,0,707,1122,4,0,1,35,0,0,213,0,1,0,0,0,78,0,9,70,396,1086,0,3,766,0,0,31,0
OH-CV-2,0,0,0,945,940,1,0,0,150,0,0,290,0,2,0,0,0,77,0,29,46,414,1609,0,7,356,1,0,20,0
OH-CV-3,0,4,0,932,892,2,4,0,127,0,2,312,0,3,0,0,0,17,0,21,79,361,1797,0,0,106,0,0,11,0
OH-CV-4,0,0,0,929,845,0,0,0,176,0,1,264,0,0,0,0,0,53,0,32,124,371,1398,2,2,397,0,0,16,0
OH-CV-5,0,0,0,916,1034,0,0,0,172,0,2,290,0,2,0,0,6,91,0,15,94,439,1345,0,0,349,0,0,14,0
OH-DSP-1,0,0,1,833,618,0,0,4,53,0,0,160,0,0,0,0,2,73,0,10,31,419,1547,0,0,1143,0,0,15,0
OH-DSP-2,2,2,0,976,767,3,0,0,98,0,1,284,2,1,0,0,0,56,0,7,150,380,1267,0,0,322,0,0,28,0
OH-DSP-3,1,0,13,937,926,10,0,0,39,0,2,333,0,0,0,0,0,81,0,9,105,376,946,0,0,432,0,0,50,0
OH-DSP-4,0,0,0,780,673,5,0,0,65,0,0,171,0,0,0,0,0,69,0,16,101,197,1100,0,0,649,0,0,23,0
OH-DSP-5,0,0,0,1056,839,7,0,0,34,0,2,242,0,0,0,0,0,87,0,26,122,419,1179,0,0,436,0,0,23,0
OH-KPW-1,0,2,0,776,947,2,0,5,30,0,0,123,0,0,0,0,0,74,0,28,72,159,1033,0,0,436,0,0,8,0
OH-KPW-2,0,0,0,758,1151,16,0,2,21,0,0,210,0,0,0,0,0,62,0,60,52,455,844,0,0,286,0,0,52,0
OH-KPW-3,2,0,0,760,1232,13,0,0,63,0,0,211,0,1,0,0,0,39,0,32,33,440,969,3,0,381,0,0,38,0
OH-KPW-4,0,0,0,1026,905,9,0,4,76,4,0,163,0,0,0,0,0,66,0,42,21,348,1455,7,0,405,2,0,24,0
OH-KPW-5,0,0,0,827,975,9,0,0,101,7,0,164,0,0,0,0,0,52,0,38,38,289,1312,4,0,308,0,0,3,0
OH-MSF-1,0,0,21,773,1011,16,0,1,78,0,0,228,4,0,0,0,0,98,0,34,10,651,1486,0,0,422,4,0,10,0
OH-MSF-2,0,0,25,748,1068,11,0,1,45,0,1,204,0,1,0,0,2,110,0,48,32,403,1243,0,1,684,8,0,15,0
OH-MSF-3,0,0,5,689,1225,1,0,0,97,3,0,309,3,0,0,0,0,123,0,27,37,524,1269,0,0,375,0,0,11,0
OH-MSF-4,0,0,0,881,696,0,0,0,157,0,2,242,0,0,0,0,0,203,0,22,41,221,1275,0,0,84,0,0,1,0
OH-MSF-5,0,0,0,1019,773,4,0,0,136,0,1,223,0,0,0,0,0,115,0,30,79,223,1700,0,0,112,0,0,17,0
OH-WN-1,3,0,0,1182,1024,8,0,0,80,0,2,335,4,0,0,0,0,52,0,24,110,511,1103,0,0,217,0,0,6,0
OH-WN-3,0,0,0,1127,1058,6,0,2,79,0,4,382,0,0,0,0,3,8,0,30,97,527,995,0,0,147,0,2,56,0
OH-WN-4,0,0,0,1331,823,3,0,0,63,0,3,363,0,2,0,0,1,3,0,24,113,488,1420,0,0,111,0,2,31,0
OH-WN-5,0,0,10,810,1086,5,0,0,115,0,0,162,0,0,0,0,0,33,0,11,79,554,1298,0,0,770,0,0,5,0
OK-KSP-1,2,0,2,936,1647,0,0,3,24,2,0,262,1,0,0,0,0,89,0,22,10,276,865,0,0,618,0,3,0,0
OK-KSP-3,3,0,22,619,1690,10,0,0,42,1,0,114,2,0,0,0,0,169,0,15,17,434,951,0,2,717,12,0,0,0
OK-LW-4,0,0,0,1029,1159,3,0,1,20,0,0,161,2,0,0,0,0,271,0,45,48,229,1527,0,0,191,0,2,0,0
OK-MP-1,0,0,0,1231,979,8,0,3,54,0,0,226,0,0,0,0,0,115,0,45,41,189,1172,0,0,215,0,0,11,0
OK-MP-2,1,0,5,892,853,0,0,0,39,0,1,121,2,0,0,0,0,67,0,27,126,121,936,0,0,308,0,0,20,0
OK-MP-3,0,0,0,962,980,7,0,0,20,0,4,203,2,0,0,0,0,85,0,17,90,102,910,0,0,246,0,0,0,0
OK-MP-5,0,0,0,972,991,9,0,1,62,0,0,205,0,0,0,0,0,41,0,20,47,165,949,0,0,429,0,0,6,0
OK-SD-3,1,0,5,880,1236,40,0,0,45,0,0,116,39,0,0,0,0,119,0,51,6,173,1279,0,0,350,1,0,1,0
OR-DN-1,14,0,80,1062,1217,16,5,0,42,0,0,179,0,0,0,0,5,81,0,140,26,155,1483,0,0,291,5,0,0,0
OR-DN-2,0,0,33,927,1443,24,0,0,95,0,2,126,0,0,0,0,8,77,0,213,21,212,1357,0,0,308,0,0,0,0
OR-DN-3,19,0,13,852,1645,16,5,0,67,0,0,106,0,0,0,0,0,277,0,211,27,94,1338,0,0,160,0,0,1,0
OR-DN-5,10,0,0,669,1427,11,0,0,136,5,0,3,18,4,0,0,0,11,0,4,0,521,1633,0,0,121,33,0,0,0
OR-FL-1,2,0,0,876,1074,3,1,0,106,3,0,211,0,0,0,0,2,76,0,29,16,199,1656,0,0,452,0,0,13,0
OR-FL-4,2,0,0,719,1128,0,0,0,131,0,0,127,0,0,0,0,9,182,0,11,1,211,1312,0,3,978,0,0,0,0
OR-MD-1,0,0,8,624,1389,0,0,0,67,0,0,196,0,0,0,0,0,73,0,40,7,201,1530,0,0,670,0,0,0,0
OR-MD-2,1,0,16,638,1030,4,0,0,85,0,0,153,0,0,0,0,1,150,0,60,32,168,1814,4,0,768,0,0,0,0
OR-MR-1,0,0,0,441,733,0,0,0,156,0,0,339,26,0,0,0,0,174,0,0,9,320,1418,0,0,221,0,0,4,0
OR-MR-3,1,0,31,884,1327,3,0,0,92,0,0,237,4,11,0,0,4,183,0,65,26,273,1251,0,0,324,0,0,11,0
OR-MR-4,11,0,0,720,1577,0,0,0,157,0,0,99,0,7,0,0,3,44,0,19,0,252,1589,0,0,391,0,0,2,0
OR-SF-1,4,0,25,905,696,8,0,0,59,0,0,49,0,3,0,0,0,57,0,18,8,567,2335,0,0,171,24,0,0,0
OR-SN-1,0,2,38,794,838,13,0,0,132,3,0,147,0,3,0,0,0,40,0,51,9,276,2263,2,0,305,12,0,3,0
OR-TS-2,0,0,12,987,964,0,0,0,60,0,0,289,0,0,0,0,4,42,0,68,46,261,1872,3,0,264,0,0,9,0
OR-TS-3,5,0,7,854,1228,6,0,0,66,0,2,248,0,6,0,0,0,12,0,49,6,300,1854,0,0,248,0,0,2,0
OR-TS-4,0,0,84,839,994,10,0,0,70,1,0,215,0,0,0,0,0,176,0,77,34,243,1618,0,2,499,0,0,0,6
OR-UN-5,0,0,0,191,2186,40,0,0,200,0,0,83,43,0,0,0,6,626,0,200,0,122,826,0,0,167,0,0,0,0
PA-AN-1,16,0,34,1405,605,4,0,0,21,0,0,25,3,2,0,2,0,22,4,14,0,538,1925,0,0,124,129,0,0,0
PA-AN-2,12,0,83,786,813,0,0,0,21,0,0,61,0,0,0,0,0,54,0,2,0,586,2086,7,1,357,50,0,0,0
PA-AN-3,7,0,15,984,674,0,0,0,0,0,0,65,2,4,0,0,0,38,0,0,0,674,1988,5,0,342,73,0,0,0
PA-AN-4,10,0,6,1073,477,0,0,0,9,0,0,54,3,0,0,0,0,18,2,15,0,591,1974,16,1,384,159,0,0,0
PA-AN-5,18,0,0,806,562,7,0,0,42,0,0,9,0,0,0,5,0,31,0,13,0,599,2442,0,0,393,26,0,0,0
PA-BE-1,28,0,22,852,1058,4,0,0,78,0,0,81,4,4,0,0,0,58,0,19,40,636,1607,0,1,239,67,0,2,0
PA-BE-2,26,0,55,576,849,28,0,0,16,7,0,40,1,1,0,0,0,12,0,1,0,608,2201,0,0,301,94,0,0,0
PA-BE-3,5,0,30,645,1167,0,0,0,32,0,0,103,0,0,0,2,0,32,0,23,36,819,1622,9,0,317,81,0,3,0
PA-BE-4,0,0,0,1078,910,6,0,0,145,0,1,344,0,0,0,0,6,17,0,36,100,582,1487,14,0,130,0,0,5,0
PA-BE-5,11,0,5,542,1028,0,0,0,63,0,0,4,0,0,0,0,0,19,0,6,0,1030,1822,7,0,271,60,0,0,0
PA-RC-1,5,0,81,722,942,15,0,0,38,0,0,125,4,1,0,1,0,211,0,18,8,607,1489,0,0,394,43,0,11,1
PA-RC-2,0,0,5,824,906,25,0,0,98,0,0,340,8,2,0,0,0,67,0,47,45,381,1456,0,0,290,0,0,17,5
PA-RC-3,0,0,13,683,792,8,0,0,99,0,0,174,0,0,0,2,0,33,0,12,6,875,1751,0,0,408,35,0,0,0
PA-RC-4,6,0,67,576,1192,13,1,0,45,0,0,98,14,0,0,0,0,25,0,3,0,1064,1413,1,0,351,47,0,0,0
PA-RC-5,6,0,23,916,945,12,0,0,120,0,1,284,0,0,0,0,0,28,0,31,49,454,1621,0,2,354,0,0,0,2
PA-SGL-1,0,5,0,712,1306,10,0,0,85,0,0,308,0,0,0,0,0,18,0,29,12,535,1266,3,0,284,0,0,5,0
PA-SGL-3,0,0,359,694,683,0,0,0,13,3,2,274,7,0,0,3,0,142,33,28,71,298,1028,0,0,896,18,0,2,0
PA-SGL-4,0,0,101,814,597,10,0,0,52,0,2,116,3,9,0,0,0,49,0,12,9,356,1951,0,0,725,44,0,0,0
SC-AJ-1,5,0,4,670,828,11,0,0,27,0,0,124,0,3,0,0,0,17,0,14,35,1097,1532,2,0,483,8,0,5,0
SC-AJ-2,0,0,12,827,1030,11,0,0,66,0,0,261,0,1,0,2,5,63,0,36,103,545,1353,3,0,506,2,0,21,0
SC-AJ-3,20,0,4,651,1163,0,0,0,26,4,0,64,2,0,0,0,0,75,0,17,11,879,1351,4,1,429,98,0,0,0
SC-AJ-4,3,0,2,535,1016,2,0,0,38,0,0,173,0,0,0,0,0,28,0,45,35,968,1493,2,1,550,18,0,4,0
SC-AJ-5,0,0,2,959,1018,4,0,0,36,0,3,281,0,2,0,0,5,59,0,20,120,479,1340,0,0,391,0,0,32,0
SD-AS-1,3,3,0,782,1338,4,0,0,145,2,1,423,0,0,0,0,3,48,0,31,13,361,937,0,0,146,0,0,7,0
SD-AS-2,0,0,0,783,1605,8,0,4,99,0,0,263,2,0,0,0,1,74,0,21,52,367,786,1,0,566,0,0,0,0
SD-AS-3,2,0,0,858,1218,12,0,6,91,3,1,265,0,0,0,0,0,54,0,18,81,381,1063,3,0,533,0,0,25,0
SD-AS-4,0,0,0,885,1542,0,0,0,36,0,3,141,3,0,0,0,0,196,0,8,32,214,750,0,0,113,0,0,0,0
SD-AS-5,0,0,0,935,1610,1,0,0,115,3,3,339,0,0,0,0,3,72,0,45,16,257,1181,0,0,106,0,0,12,0
SD-BH-1,2,0,0,1010,1551,0,0,0,158,0,1,319,0,3,0,0,6,88,0,66,2,158,1150,0,0,185,0,0,0,0
SD-BH-2,0,0,0,959,1338,0,0,0,211,0,2,303,0,0,0,0,0,80,0,12,12,442,1113,0,0,199,0,0,2,0
SD-BH-3,0,0,0,907,1635,0,0,2,193,6,1,313,0,3,0,0,0,74,0,20,3,179,1352,0,0,182,0,0,7,0
SD-BH-5,0,0,0,859,1623,3,0,6,66,0,0,423,0,0,0,0,0,139,0,28,41,290,623,0,0,123,0,0,3,0
SD-BN-1,2,0,0,779,1383,5,0,0,186,0,2,180,8,4,0,0,2,54,0,109,31,112,971,0,0,50,0,0,0,0
SD-BN-2,0,0,0,911,1382,4,0,0,126,0,0,274,0,0,0,0,0,27,0,63,17,146,846,0,0,40,0,0,0,0
SD-BN-4,0,0,0,946,1058,9,0,0,61,2,0,422,0,0,1,0,2,30,0,55,14,241,558,0,0,42,0,0,0,0
SD-BN-5,0,0,0,799,1145,24,0,0,30,0,0,474,4,0,0,0,0,29,0,72,25,218,522,0,0,36,0,0,0,0
SD-CS-1,1,0,14,1005,1909,5,0,0,81,0,0,357,11,0,0,0,0,4,0,66,12,151,1185,0,0,120,0,0,0,0
SD-CS-2,3,0,6,1148,1465,27,0,0,126,0,0,369,0,0,1,0,2,42,0,139,8,169,1144,0,5,118,0,14,0,0
SD-CS-3,0,0,0,810,1072,2,0,0,169,0,3,163,0,0,0,0,2,104,0,18,20,270,1435,0,3,855,0,0,8,0
SD-CS-4,0,0,4,1045,1414,5,0,0,95,0,0,316,3,5,0,0,0,20,0,66,13,147,1541,1,0,233,0,0,0,0
SD-CS-5,0,0,0,1015,1432,0,0,2,91,0,0,118,0,0,0,0,0,30,0,49,5,105,1436,0,0,694,0,0,0,0
SD-DN-1,3,1,0,790,1302,0,0,0,176,0,0,371,0,0,0,0,0,60,0,17,27,464,1011,0,0,163,0,0,10,0
SD-DN-2,0,0,0,935,1807,0,0,0,108,0,0,336,0,0,0,0,0,117,0,13,19,105,1116,0,0,66,0,0,0,0
SD-DN-3,0,0,0,874,1571,0,0,0,112,0,0,263,10,0,0,0,0,153,0,24,26,87,1116,0,0,64,0,2,0,0
SD-DN-4,0,0,0,794,1426,5,0,0,51,0,0,270,0,0,0,0,0,117,0,27,25,70,880,0,0,136,0,0,0,0
SD-DN-5,0,0,0,1029,1412,4,0,0,97,0,0,318,0,0,0,0,5,144,0,33,21,173,1070,0,0,89,0,0,1,0
SD-LH-1,1,0,0,632,1635,6,0,1,54,0,0,499,0,0,0,0,1,29,0,23,37,270,584,0,0,104,0,0,7,0
SD-LH-2,0,0,0,756,1293,7,0,0,34,0,0,297,0,0,0,0,0,22,0,15,64,191,603,0,0,282,0,0,17,0
SD-LH-3,1,0,0,703,1432,10,0,3,87,0,0,277,0,0,0,0,0,79,0,23,43,213,630,0,0,286,0,0,3,0
SD-LH-4,5,0,0,753,1332,10,0,3,70,0,0,376,0,0,0,0,0,34,0,17,28,366,663,0,0,150,0,0,7,0
SD-LH-5,0,0,0,563,1275,0,0,0,38,0,2,273,0,0,0,0,0,87,0,20,49,108,657,0,0,57,0,0,9,0
SD-OL-1,0,0,0,958,1748,6,0,0,68,0,0,355,0,0,0,0,0,67,0,17,17,190,901,0,0,119,0,0,6,0
SD-OL-2,0,0,0,642,1574,1,0,2,66,6,0,386,0,0,0,0,2,64,0,7,29,241,603,0,0,157,0,0,5,0
SD-OL-3,0,0,0,710,1464,7,0,5,65,0,2,289,0,0,0,0,2,76,0,23,51,191,625,0,0,512,0,0,13,0
SD-OL-4,0,0,0,867,1204,8,0,1,55,0,2,322,2,0,0,0,0,48,0,10,65,289,752,0,0,460,0,0,4,0
SD-OL-5,0,0,0,732,1476,4,0,0,59,0,0,314,0,0,0,0,0,52,0,25,44,136,799,0,0,191,0,0,0,0
SD-SS-1,2,0,0,1024,1416,10,0,0,62,3,0,339,0,0,0,0,0,37,0,16,108,271,684,0,0,158,0,0,12,0
SD-SS-2,0,0,0,919,1383,5,0,3,85,0,1,359,0,0,0,0,0,47,0,15,65,335,758,0,0,320,0,0,7,0
SD-SS-3,3,0,0,1214,1029,14,0,1,50,1,2,267,0,0,0,0,0,68,0,32,118,225,692,0,0,230,0,0,16,0
SD-SS-4,0,0,0,978,1237,7,0,4,75,1,0,357,0,0,0,0,1,44,0,19,62,283,868,0,0,176,0,0,8,0
SD-SS-5,0,0,0,849,1468,4,0,13,97,0,1,358,0,0,0,0,0,90,0,15,43,337,858,4,0,195,0,0,17,0
TN-CS-1,2,0,39,915,916,2,0,0,24,0,1,237,0,0,0,0,0,102,0,11,74,536,1382,2,2,542,4,0,21,0
TN-CS-2,0,0,13,604,873,0,0,0,30,0,0,49,1,0,0,0,0,104,0,24,0,728,1886,3,0,559,14,0,0,0
TN-CS-3,8,0,68,468,1022,3,4,0,18,0,0,138,9,2,0,0,0,196,0,0,2,1009,1429,16,0,385,41,0,0,0
TN-CS-4,1,0,28,752,1107,0,0,0,29,0,0,17,50,1,0,0,0,27,0,0,0,778,1596,9,1,424,48,0,0,0
TN-CS-5,5,0,16,645,991,0,0,0,15,4,0,34,17,1,0,0,0,22,0,0,0,949,1620,12,0,488,22,0,0,0
TN-FC-1,7,0,10,794,866,2,0,0,30,0,0,52,10,0,0,0,0,9,0,0,0,793,1904,3,0,419,30,0,0,0
TN-FC-2,0,0,64,603,796,0,0,0,46,0,0,58,18,2,0,0,0,24,0,3,10,727,1851,9,0,688,31,0,0,0
TN-FC-3,1,0,130,649,807,0,0,0,61,0,0,86,14,0,0,0,0,41,5,0,11,772,1624,14,0,546,55,0,0,0
TN-FC-4,0,0,60,615,598,0,0,0,88,0,0,42,8,0,0,0,0,101,0,0,7,498,1944,0,0,898,0,0,0,0
TN-FC-5,3,0,92,670,761,5,0,0,67,0,0,25,21,10,0,0,0,42,0,5,14,595,1913,18,0,553,42,0,0,0
TN-WR-2,1,0,0,1066,1250,18,0,0,96,0,1,300,3,0,0,0,0,120,0,55,36,238,1221,0,0,111,0,0,12,0
TN-WR-3,0,0,0,945,1306,19,0,7,116,0,0,419,9,0,0,0,0,35,0,41,19,257,1282,0,0,75,0,0,5,3
TN-WR-4,0,0,0,825,786,0,0,3,268,0,4,159,0,0,0,0,4,217,0,53,34,216,1952,0,0,190,2,0,19,0
TN-WR-5,0,0,11,967,1302,0,0,4,81,0,0,416,0,0,0,0,4,34,0,40,18,254,1257,0,0,279,0,0,1,0
TX-AB-1,0,0,0,1172,637,0,0,0,38,0,1,131,0,0,0,0,0,56,0,28,78,214,1113,0,0,168,0,0,19,0
TX-AB-2,4,0,0,1140,757,0,0,0,46,0,0,202,2,8,0,0,0,76,0,18,58,256,1636,0,0,230,0,0,10,0
TX-AB-4,0,0,0,1478,700,2,0,0,64,3,1,221,0,0,0,0,5,63,0,39,69,392,1545,1,0,111,0,0,4,0
TX-AB-5,0,0,6,706,693,5,0,0,19,0,0,122,0,0,0,0,0,64,0,12,69,316,1515,0,0,1221,0,0,1,0
TX-BB-1,15,0,0,473,1836,48,0,0,52,0,0,366,0,0,1,0,0,92,0,71,12,56,542,0,0,20,5,0,0,0
TX-BB-2,13,0,0,408,2223,40,0,0,41,0,0,295,0,0,6,0,0,40,0,88,18,76,423,0,0,37,0,0,0,0
TX-BB-3,14,0,0,393,2334,42,0,0,27,0,0,281,0,0,2,0,0,22,0,80,14,56,327,0,0,17,0,0,0,0
TX-BN-1,0,0,0,0,4,0,0,0,0,0,0,0,8,0,0,0,0,5,0,0,0,10,76,0,0,0,0,0,0,0
TX-BN-4,0,0,0,0,15,0,0,0,6,0,0,0,0,0,0,0,0,8,0,0,0,4,124,0,0,0,0,0,0,0
TX-CB-1,0,1,0,767,1381,2,0,0,27,0,0,157,2,0,0,0,0,319,0,119,34,92,848,0,0,198,6,0,0,0
TX-CB-2,1,0,0,865,1318,9,0,0,48,0,0,302,0,0,0,0,0,134,0,79,45,184,887,0,0,82,0,0,0,0
TX-CB-4,0,0,0,911,1514,17,0,0,33,0,0,369,0,0,0,0,3,85,0,51,67,155,638,0,0,36,0,0,0,0
TX-CH-2,0,0,0,839,1583,8,0,0,62,0,0,247,0,0,0,0,0,140,0,53,49,212,925,0,0,89,0,0,0,0
TX-CH-3,0,0,0,674,1674,22,0,0,65,0,0,257,3,0,0,0,0,64,0,42,33,251,1033,0,0,67,0,0,0,0
TX-CH-4,0,0,0,279,1511,4,0,0,1184,7,0,61,2,0,0,0,0,102,0,37,15,37,1169,0,0,32,0,0,4,0
TX-CH-5,1,0,0,839,1315,2,0,0,48,0,0,211,0,0,0,0,0,120,0,40,39,248,777,0,0,88,0,0,0,0
TX-CR-1,0,0,0,795,1199,15,0,0,52,0,0,338,6,0,0,0,0,11,0,38,57,387,826,0,0,57,0,0,2,0
TX-CR-3,0,0,0,871,1499,3,0,0,10,0,0,425,0,0,0,0,0,21,0,55,30,315,560,0,0,23,0,0,0,0
TX-CR-4,1,0,0,1002,1130,10,0,0,39,0,0,274,0,0,0,0,0,30,0,60,79,377,851,0,0,92,0,0,3,0
TX-CR-5,1,0,0,993,1098,19,0,0,88,0,0,253,0,0,0,0,0,59,0,46,53,404,976,1,0,97,0,0,11,0
TX-DP-1,0,0,0,1024,1289,18,0,0,20,0,0,257,0,0,0,0,0,85,0,32,121,384,809,0,0,271,0,0,5,0
TX-DP-2,0,0,0,1128,1268,49,0,0,20,0,0,358,0,0,0,0,0,133,0,40,83,369,802,0,0,92,0,0,0,0
TX-DP-5,2,0,0,678,1600,27,0,0,26,2,0,308,0,0,0,0,2,144,0,9,36,515,966,0,0,70,0,0,0,0
TX-GCS-1,0,3,0,745,1310,10,0,0,17,0,0,213,0,0,0,0,0,178,0,45,78,147,547,0,0,36,0,0,0,0
TX-GCS-2,0,0,0,1075,1262,12,0,0,20,0,0,218,0,0,0,0,0,208,0,57,85,187,564,0,0,29,0,0,0,0
TX-GCS-3,0,0,0,941,1162,3,0,0,13,0,0,131,0,0,0,0,0,227,0,86,52,130,842,0,0,117,0,0,6,0
TX-GCS-4,0,0,0,667,1314,12,0,0,31,4,0,252,0,0,0,0,0,149,0,63,56,211,607,1,0,70,0,0,0,0
TX-GCS-5,0,0,0,833,1288,9,0,0,12,0,0,272,0,0,0,0,0,190,0,52,61,234,599,0,0,38,0,0,1,0
TX-LL-2,0,0,0,989,1106,2,0,4,98,0,0,264,1,0,0,0,1,151,0,48,52,274,1158,0,0,160,0,0,4,0
TX-LL-4,0,0,0,817,1464,0,0,0,79,0,1,254,0,0,0,0,0,109,0,53,28,198,1040,0,0,73,0,0,6,0
TX-MC-1,0,0,0,693,1812,18,0,0,11,0,0,403,0,0,0,0,0,121,0,86,99,371,847,0,0,36,0,0,0,0
TX-MC-3,0,0,0,874,1171,9,0,0,25,1,0,241,1,2,0,0,0,141,0,37,111,258,751,0,0,127,0,0,5,0
TX-MC-4,0,0,0,994,953,0,0,0,25,0,0,147,0,0,0,0,0,468,0,31,81,122,719,0,0,84,0,0,7,0
TX-MN-1,1,0,0,578,1821,11,0,0,62,0,0,164,0,0,0,0,0,27,0,37,36,354,920,0,0,112,0,2,0,0
TX-MN-2,2,0,0,743,1796,25,0,0,42,0,0,381,0,0,0,0,0,51,0,14,79,283,612,0,0,76,0,0,0,0
TX-MN-3,0,0,0,921,1342,4,0,0,20,0,0,163,0,0,0,0,0,293,0,42,74,133,907,0,0,85,0,0,1,0
TX-MN-4,0,2,0,568,1656,7,0,0,70,6,0,181,0,0,0,0,0,270,0,88,83,55,1286,0,0,63,0,0,9,0
TX-MN-5,0,0,0,493,1046,9,0,0,233,0,0,139,10,0,0,0,0,224,0,75,98,129,1759,0,0,64,0,0,0,0
TX-PDC-3,0,0,0,744,1843,5,0,0,60,0,0,269,10,0,0,0,0,93,0,61,24,131,846,0,0,46,0,0,0,0
TX-PDC-4,0,0,0,651,2053,15,0,0,56,0,0,303,5,0,0,0,0,51,0,113,11,148,613,0,0,23,0,8,0,0
TX-SH-1,2,0,0,523,874,0,0,2,20,0,0,100,0,0,0,0,0,37,0,5,104,395,1460,0,3,1180,2,0,0,0
TX-SH-2,1,0,0,1323,807,25,0,0,64,0,0,380,0,0,0,0,2,101,0,59,114,327,980,1,0,51,0,0,50,0
TX-SH-3,0,0,0,1288,1053,8,0,0,95,0,0,206,0,0,0,0,0,50,0,16,75,387,948,5,0,212,0,0,7,0
TX-SH-4,4,0,10,919,1190,8,0,0,13,0,0,119,7,0,0,0,0,24,0,5,0,686,1363,5,0,264,82,0,0,0
TX-SH-5,2,0,2,390,669,8,0,0,5,0,0,144,0,0,0,0,0,168,0,13,84,396,1489,0,0,1404,0,0,0,0
UT-BD-1,7,0,0,427,2246,68,0,0,34,0,0,473,0,0,4,0,0,11,0,52,16,196,633,0,0,31,0,0,0,7
UT-BD-4,0,0,0,141,2495,45,0,0,151,0,0,186,4,0,5,0,0,138,0,68,2,129,948,0,0,48,0,0,0,7
UT-BD-5,0,0,0,321,2226,52,0,0,118,0,0,265,0,0,4,0,0,45,0,84,15,210,883,0,0,5,0,0,0,11
UT-CG-2,4,0,12,1158,1006,62,0,0,95,0,0,140,10,7,0,0,0,6,0,24,0,412,1219,0,0,646,22,0,0,0
UT-CG-3,17,0,8,1154,1221,76,0,0,101,0,0,178,7,2,0,0,0,26,0,74,1,334,909,1,0,659,52,0,3,0
UT-CG-4,13,0,21,1083,1431,52,0,0,73,0,0,202,2,2,0,0,0,57,0,59,1,290,842,0,0,613,52,0,0,0
UT-DN-2,0,0,0,880,2072,11,0,0,67,0,0,336,0,0,0,0,0,53,0,70,0,191,666,0,0,72,0,0,0,0
UT-FN-1,0,0,0,567,1828,2,0,3,298,0,0,249,3,0,3,0,7,5,0,54,5,224,1350,0,0,97,0,0,0,0
UT-FN-3,0,0,0,691,1588,17,0,0,102,0,0,329,3,0,7,0,0,24,0,87,18,227,699,0,0,46,0,0,0,3
UT-FN-4,0,0,0,670,1644,0,0,6,131,0,3,406,0,1,1,0,4,101,0,30,1,259,888,0,0,108,0,0,0,0
UT-SL-1,0,0,0,786,1762,11,0,0,91,0,0,243,227,0,1,0,1,108,0,70,0,367,684,0,0,96,0,0,0,0
UT-SLC-3,0,0,0,708,1556,0,0,0,117,0,0,370,30,0,0,0,0,22,0,50,4,308,832,0,0,63,0,3,0,0
UT-SLC-4,0,0,0,76,1450,0,0,0,0,0,0,305,2,0,0,0,0,84,0,33,0,31,584,0,0,10,0,0,0,0
UT-SLC-5,0,0,0,595,2030,11,0,0,116,0,0,384,0,0,0,0,0,47,0,25,7,249,945,0,0,53,0,0,0,0
WA-KB-1,0,0,31,1095,1459,7,0,1,23,0,0,291,0,3,2,0,0,86,0,89,56,186,563,2,0,610,0,0,1,0
WA-KB-4,0,0,0,1132,1381,18,3,1,89,0,0,302,3,2,0,0,5,25,0,70,20,193,890,0,4,376,0,0,1,0
WA-KB-5,0,0,5,1126,1309,0,0,0,78,4,0,328,0,0,0,0,7,87,0,44,41,200,969,0,0,661,0,0,4,0
WA-MB-1,0,0,41,634,1123,62,0,0,176,12,0,102,2,9,0,0,0,0,0,78,0,577,1342,0,10,152,50,0,0,0
WA-MB-5,0,2,10,620,1167,53,0,0,126,0,0,104,14,0,0,1,0,0,0,27,25,579,1512,0,0,156,4,0,0,0
WA-SB-2,0,0,0,652,2093,9,0,0,137,0,0,175,0,0,1,0,2,60,0,74,9,210,672,0,0,129,0,0,0,0
WA-SB-4,1,0,5,672,2069,3,0,0,52,0,0,245,1,0,0,0,0,114,0,51,19,161,644,0,0,288,0,0,5,0
WA-SB-5,2,0,1,639,2039,1,0,0,112,0,0,221,0,3,0,0,0,66,0,40,13,170,860,0,0,251,0,0,0,0
WA-TM-2,0,0,12,802,1161,2,0,0,138,0,0,367,0,2,0,0,2,31,0,42,50,308,1547,0,0,316,0,0,19,0
WY-BB-1,0,0,0,514,1553,8,0,0,90,0,0,410,24,0,2,0,0,349,0,84,3,174,633,0,0,38,0,0,0,9
WY-BH-1,0,0,0,731,1459,31,0,1,226,0,0,263,0,0,0,0,0,48,0,61,25,124,476,0,0,90,0,0,0,0
WY-BH-3,3,0,0,494,1206,7,0,0,41,0,0,540,21,0,0,0,0,61,0,86,20,272,479,0,0,35,0,0,2,0
WY-BH-4,0,0,0,758,1247,15,0,0,52,0,0,343,1,0,0,0,0,36,0,64,19,214,553,0,0,22,0,0,0,2
WY-BH-5,0,0,0,611,1610,2,0,2,105,0,0,292,0,0,0,0,0,124,0,21,17,303,543,0,0,58,0,0,1,0
WY-BN-2,0,0,1,592,1916,5,1,0,98,0,0,718,14,0,0,0,0,1,0,63,16,196,846,0,0,93,0,0,2,4
WY-BN-5,0,0,2,884,1807,6,0,0,180,0,1,337,1,4,0,0,0,38,0,99,6,181,754,0,0,221,0,0,0,0
WY-TB-1,0,0,0,675,1122,0,0,1,15,0,0,436,0,1,0,0,0,15,0,89,29,212,326,0,0,35,0,1,0,0
WY-TB-2,0,0,0,786,1183,26,0,0,84,0,0,434,75,0,1,0,0,29,0,91,18,246,473,0,1,55,0,0,0,1
WY-TB-3,0,0,0,651,1666,7,0,0,89,0,0,326,2,0,6,0,0,57,0,77,3,222,527,0,0,95,0,0,0,0
WY-TB-5,2,0,0,822,1440,1,0,4,193,0,1,249,10,0,0,0,0,71,0,41,5,302,774,0,0,85,0,0,0,0
WY-YN-5,1,0,62,963,1164,40,0,0,60,0,0,19,7,18,0,0,0,14,0,17,0,648,1329,0,0,396,55,0,0,0