,All taxa,Abundant taxa,Rare taxa,Generalists,Specialists
AL-BN-1,6.974372579431224,3.140430002084522,0.1017279062517488,2.426925676295268,0.0120579802596331
AL-BN-2,7.491156520709184,3.280708588321332,0.0585589543894571,3.08916650454498,0.0032173199521517
AL-BN-3,6.881781363337832,3.4528948348865947,0.0283288717341791,3.2294867893510406,-0.0
AL-BN-4,7.583948930489239,2.97030363021117,0.0737387999026807,2.8219973986204296,0.0094275125538619
AL-CSP-3,6.473528553139569,2.6291635355978267,0.0971220079303402,1.2245632084846214,0.0265486203973265
AL-CSP-4,6.210446399173071,2.492834300954132,0.040062522691502,1.1975747761629238,-0.0
AL-CSP-5,5.776128424964277,2.0096467281450456,0.0584873022044076,0.9143886885603142,0.0232791294702268
AL-OM-1,6.651021497574783,3.051905749822084,0.025294471748303,2.135041580294602,0.0092848706213464
AL-OM-2,5.687812581373313,2.6038388585634884,-0.0,1.5008383237727043,-0.0
AL-OM-3,6.187539861548819,2.8817787791131884,0.0057372876617571,1.808329794327542,-0.0
AL-OM-4,6.525135660953235,2.9271074927916536,0.0392437835726366,2.1631032822303884,-0.0
AL-OM-5,6.430339621563434,3.336051402665021,0.035017184701511,2.9443815622231373,0.0338379977166681
AL-TIH-1,7.42257832759151,3.589327817674519,0.0107612522116636,3.273333326169862,-0.0
AL-TIH-2,6.815730721933446,2.982643209431439,0.0673458808750678,2.2849163950647964,0.0057592217455501
AL-TIH-3,6.652734882765578,2.789841016863449,0.080711926589431,1.7299661297354323,0.0140396199519095
AL-TIH-4,7.2779348659149505,3.1546025379846867,0.0868554003823433,2.716288795641156,0.0070293411606495
AL-TIH-5,6.04558578754355,2.387228941744783,0.0667225385446593,1.1581588758296442,-0.0
AL-TN-1,7.433193698962373,2.8961227928223163,0.140758235851189,2.463561647037607,0.0062820546769417
AL-TN-2,7.702065221151387,2.8497807320731408,0.1001376796093699,2.7526895542553027,-0.0
AL-TN-3,7.83845557422257,2.829500807964419,0.2373517356876574,2.618938969155093,0.0073335069789373
AL-TN-4,7.493651831312933,2.903270109444771,0.1057661589740209,2.736902380719612,0.0032518679721323
AL-TN-5,7.10033558081169,3.241533886313761,0.0752881836264122,2.543407547644055,0.0378940777937638
AR-BG-2,7.328005528848507,3.4393584242345274,0.0858624142096116,3.216712735004387,0.0668701841520751
AR-BG-3,7.270626666299759,3.5417127179483936,0.0629156534985303,3.363314768704127,0.0113391659656956
AR-BG-4,7.34495165722662,3.2995524325829773,0.0322240187006707,3.091641304167185,0.0482803479975767
AR-BG-5,7.53674122128107,3.312482845603137,0.0785085577464367,3.1287535628716583,0.0169052689284599
AR-FR-1,7.266637775368754,3.014796585594724,0.0723122058511856,2.95710392533516,-0.0
AR-FR-2,7.285978092042844,3.103338700525489,0.0686459992601048,2.765591957185944,0.0056727550757769
AR-FR-3,6.904533229081248,3.318686504849039,0.044183391819367,3.017951435734864,0.0088134641605118
AR-FR-4,6.862933922463886,3.1380060772568865,0.0810877079839229,2.8538474091031643,-0.0
AR-FR-5,6.415538802809956,2.909252492332027,0.0909580186381883,2.7078879761000763,0.0144903827418602
AR-LL-1,6.852156711466909,3.123058025026729,0.040792835757427,2.3590762008103736,0.0032908546178047
AR-LL-2,6.631413873298132,3.232807240342812,0.0272250580989698,2.461874148538446,0.003188078600369
AR-LL-3,6.773726601225665,2.9076438077569366,0.0473808218912506,1.906490624560393,0.011549638130659
AR-LL-4,6.737895536049111,3.36764942178543,0.0472532845184434,2.8870367655983977,0.0129919355513803
AR-LL-5,7.22122306677595,3.438218380037344,0.0453668194814371,3.173192064244529,0.00356173828424
AZ-IF-2,6.630203870197654,2.204947375235468,0.1027878837936099,0.7789245488350655,0.0640117974403323
AZ-IF-3,6.71559456652085,2.27789193601441,0.1188548217547622,0.8222632419299498,0.0798752363496101
AZ-IF-4,6.001072486836092,2.149699649822695,0.0575696037148608,0.5433387363173439,0.0987838036986342
AZ-PN-5,7.344849430428136,3.0970103107749107,0.1157436573317882,2.433187250379357,0.0201563083490628
AZ-SD-4,6.495875378650634,1.9414455056266515,0.0799346336755543,0.7756123596162569,0.0472469796019068
AZ-SM-1,6.464513507083666,2.1286960569435966,0.0328846237980221,0.8374761855512703,-0.0
AZ-SM-3,6.359563993482012,2.542339632885447,0.0941077493386905,1.2012019292890348,0.0097001030357253
AZ-TN-5,6.884806145162953,2.55610798955699,0.0504579983765738,1.215306955492295,0.0470754950282011
CA-AN-1,6.434429715881549,2.654989734721064,0.0573702047913934,1.3371474480629646,0.0018271366370533
CA-AN-2,5.985327201236478,2.369004741740689,0.1006774868783378,1.083202844088544,0.0297752604264397
CA-AN-5,6.618251784165095,2.7527827455209284,0.0789039932679598,1.5543624277258372,0.0063851054309678
CA-BS-2,7.295313038150727,2.933737915845944,0.1265389178262308,2.1448241355287325,0.0358417302893376
CA-BS-5,7.467561618795274,3.1752403185229774,0.1214173833601206,3.115452986815113,-0.0
CA-JT-3,6.293387660812444,2.3405318801665227,0.0683019722865465,0.9908008390032302,0.0516355092665642
CA-LP-2,7.239197421848961,3.030988037952457,0.1501170879536954,2.2244864585002286,0.016828308948505
CA-LP-3,7.33839706584379,2.466250090342651,0.166105412582735,1.4731853085730644,0.1554287292697405
CA-MT-3,6.924988310648513,2.664828020687566,0.0647913111310807,1.5194568358230616,0.0136351447239296
CA-PN-1,6.87549523325852,2.811079090680736,0.114888173553718,1.4817320756764274,0.047636399281022
CA-SN-2,7.336348141282699,2.800506959785807,0.0856928554550931,1.8964904319003584,0.017903729014142
CA-SN-3,7.201507784260183,2.583767987110165,0.0955145163535968,1.7619998765342404,0.0404945087763476
CA-SNP-5,7.506811887803282,2.4899989191199863,0.1779105007207718,1.3934913692735136,0.0643447869655501
CA-SR-2,6.906968777612915,2.508110350230477,0.0689893176731742,1.3274691820271671,0.0309380719251407
CA-WM-4,6.889664506452417,2.6843227319618093,0.0367412309645726,1.5751302905890936,0.1706761517656493
CA-YN-1,6.277628977970869,1.938876874803221,0.0905856177855402,1.1284825021271805,0.0898201256235597
CA-YNP-2,7.197756214613602,3.0981667243149515,0.1053555959500982,2.848931571822758,0.0078585426785509
CA-YNP-3,6.23733428994148,2.765126706532379,0.074498158482035,1.8123890847056867,0.0072815279925439
CA-YNP-4,7.1977924279371575,2.9464344690879742,0.059671004633798,2.6273808928465034,0.0018257427068007
CO-BL-1,7.267740057164884,2.822097355740647,0.1450474860823399,2.204880061301051,0.0819152733410363
CO-BL-2,7.099691387930043,3.34036342792869,0.0146283837407945,2.8004711431409253,0.0023141793625851
CO-CS-1,7.465327855323785,2.424166308330188,0.197513893677957,1.9298626341222336,0.0542313691657383
CO-HM-1,6.867057995546267,3.338223528714045,0.0317106246701569,2.3341468444379143,0.0020159885438145
CO-HM-2,7.168787031886589,3.2320544833910745,0.0525040013508997,2.071846369494723,-0.0
CO-HM-4,4.920050497893805,1.7675812072799473,0.0496289305333859,0.8980498384019736,0.4451978194886789
CO-HM-5,7.29781223224802,3.0191997941441224,0.064903200237372,2.1981996132692854,0.0063438011508959
CO-LP-1,6.96785867704387,2.6264151405746707,0.0329132178141206,1.3903785082372802,-0.0
CO-LP-3,7.040462455003745,2.4799447879936856,0.0951202616015504,1.202286399262441,0.0269288358193388
CO-LS-1,7.368120921225538,3.052704262245092,0.0450675516450658,2.073251048824021,0.0019572941397422
CO-LS-3,6.969061097720147,2.7442704457049176,0.1483597709621012,1.751739188118996,0.0420175884119476
CO-MV-1,7.263351196284702,2.671976127770276,0.0800811437792041,1.7500754054530678,0.0454637224935076
CO-MV-3,7.156073077000067,2.4974398869642087,0.1093223427046344,1.5508983204142752,0.0040683614015069
CO-MV-4,2.510003377139537,0.8227558283724763,0.0305338884119399,0.2989068298350422,0.3368459510412327
CO-RNF-2,7.231686956235112,3.2907159021925234,0.0994886309250679,2.755796357803367,0.0258252588293881
CO-RNF-4,7.115873027657925,3.4863062047829203,0.0428912569326236,2.807924216504825,0.003599533896145
CO-SP-5,7.148323481528192,2.964251215463691,0.0412054315982795,1.839781260710608,0.0058999518428408
CO-TS-3,7.206645677755062,2.8366528128069306,0.1662891224631476,1.6311572533983054,0.0133569230406005
CT-UF-2,6.91927559398837,2.6604750906994665,0.0814035771108195,1.777969057596639,0.0052069272042674
CT-UF-4,6.645587815932515,2.7640413591269923,0.0731533733094796,1.538280801045819,0.0325129587767915
CT-UF-5,5.973476138808485,2.285244413078627,0.037540283089012,1.0722024624129678,-0.0
DE-WC-1,7.300784404861377,3.2503285980921217,0.0361310275569624,3.114640697585053,0.0034838154323749
DE-WC-2,7.427180005952993,3.0669510742103205,0.089761893742415,2.8784536952203696,0.0233270526038234
DE-WC-3,7.226639205328652,2.4372515267716017,0.1259697093730415,1.7635442841212134,0.0758822281869556
DE-WC-4,7.562625683187832,3.1520156645928954,0.161771466189562,2.808015761369332,0.0353531103985681
DE-WC-5,7.01900661451528,3.170674886367494,0.0567719551750866,2.8106425023819868,-0.0
FL-BS-3,7.20720496518911,3.111731496726635,0.0448932396804055,3.026415230855702,0.0294632903503813
FL-BS-4,6.896491156543237,2.6871207460470203,0.040132857197718,2.1331205698132347,0.0256828180929243
FL-BS-5,7.285850095858251,3.1296201548322933,0.0655392255344843,2.9886858676713834,0.0171373035254042
FL-ON-2,7.642710104967002,2.792835803000325,0.1743612171744316,2.48067435614738,0.0190179699305668
FL-ON-5,6.800112808824279,1.9725472214436977,0.160783939732479,1.278879702388294,0.0861719669713341
FL-PC-3,6.95808035886205,2.9841663088540877,0.1201097634032064,2.617829938492968,0.0152278224346239
FL-PI-1,6.725750760950144,2.2706180324284824,0.0878222386396134,1.7921926625841644,0.1471794142818076
FL-PI-2,7.57915482602854,2.922087265475821,0.1180390823024566,2.6258860026607564,-0.0
FL-WP-3,6.945319994592652,3.159499513416429,0.0658075686332209,2.457363070397979,0.0556228455242297
FL-WP-4,6.826712747298226,2.754982163124457,0.165912383868158,1.6612810799824975,0.0458087716793844
FL-WP-5,7.358240993892239,2.8514078811876216,0.1405619893139202,2.3057740306891064,0.0645441247953875
GA-CNF-1,6.248287818674021,2.7258054465315404,0.0255125598572622,1.3431264640581089,-0.0
GA-CNF-2,6.594619034775809,2.7932939530931336,0.0531890112199986,1.478168549575357,0.0163500184797027
GA-CNF-3,7.241209036284463,2.934183604783411,0.1450606643402041,2.5077532398851563,0.0592523481905
GA-CNF-4,6.109534056868852,2.6452121310534453,0.0106692570584969,1.2907130174443648,-0.0
GA-CNF-5,6.487938669756009,2.8896096547119328,0.0323051328452625,1.7885720004186454,0.0119180432440695
GA-RT-1,6.879152357237913,3.1370828311633794,0.0762216931075801,2.8488772813733805,0.015233300250393
GA-RT-2,6.979296993998574,2.7996177520467853,0.0905215695361043,1.918529938727531,0.0198502478002328
GA-RT-3,6.888305596178832,2.7432647748828014,0.1037383551400089,2.031173195352394,0.0310850106001075
GA-RT-4,6.366983288412446,2.3680391547810165,0.0697515288798066,1.1579023649236826,0.0109588688814487
GA-RT-5,7.232862626076852,2.799253731080136,0.1490840450392963,2.650805757902344,0.0214018803817075
GA-SC-2,5.97766117715123,2.453715210517735,0.0573250889291555,1.0710349179206116,0.0116369582684353
GA-SC-3,6.124436885775217,2.2626324602861887,0.0529270595421594,1.2777121653845742,0.0070428606673662
GA-SC-4,5.915877034728726,2.5271257412199506,0.0287369757002999,1.2411079331464798,0.0063501505020051
GA-SC-5,6.1817056569527145,2.370771185671838,0.0668562962757657,1.1460079440548276,0.0076262677549023
GA-SCN-1,6.572090712572849,2.8953243544879608,0.021418389986784,2.191998221468964,-0.0
GA-SCN-2,6.93515043417885,2.701088715873728,0.1290071680563438,2.5487122489248604,0.0348012114048323
GA-SCN-3,7.011435132738992,2.9396565747831005,0.0642573337481221,2.738982275407152,0.013015019887292
GA-SCN-4,6.9967018121596976,3.200548163022483,0.0780097451525867,3.258336368356201,0.0220090425006669
GA-SCN-5,6.768349948345085,2.6885822630435707,0.0713111055139872,2.118610354985446,0.0795890983071773
IA-BC-1,7.259985173212497,3.445232968617831,0.058405379676734,3.222042760865931,0.0232504250740956
IA-BC-2,7.040391074782507,3.5205671311249747,0.0567331968641906,3.368309078347941,0.0306889206363483
IA-BC-3,6.6834613012217305,3.500720696218916,0.0221310157035329,3.1342857279855103,0.0179180544160863
IA-BC-4,7.19767183027215,3.381523984002588,0.0411460271876337,3.273717344566307,-0.0
IA-BC-5,6.876024430082751,3.4248570403619856,0.0181382636229434,3.210535847603498,-0.0
IA-CB-1,6.771401003077289,3.257587994026521,0.0463262725441726,3.0968712665459,-0.0
IA-CB-2,5.231377745229158,2.719485015355505,0.0075754506849022,2.561544289798229,-0.0
IA-CB-3,6.93350483943729,2.967366264601814,0.0949767485002082,2.8848270664630147,0.0305312367720136
IA-CB-4,7.336777509208226,3.2947122781232228,0.0816258166987008,3.1211741238503325,0.0127198927681945
IA-CB-5,6.79430126094198,3.356191608851449,0.0139994427146273,3.041033018251032,-0.0
IA-CS-2,6.904531906255427,3.442828028088278,0.0613159797981135,3.151620183574,0.0068105169965463
IA-CS-3,7.131162751492824,3.368923074011713,0.0487879670980206,3.218231261517887,0.0073740350893982
IA-CS-4,7.326007641008345,3.288145044284547,0.0329487416925059,3.0470488007314613,0.0032987715576121
IA-CS-5,7.220319290902278,3.106924226870629,0.1217307040742698,2.994827985916864,0.0222084197404028
IA-RR-1,7.020665755308027,3.424490649941937,0.039958863429062,3.113617028838995,0.0120377914485421
IA-RR-2,6.95993121927008,3.224400778515734,0.0631358613514332,2.96065620690448,0.0139029230081458
IA-RR-3,7.369736491228587,3.447995045049721,0.0928241964333441,3.045085280081662,0.0019532683733108
IA-RR-4,7.200325074766002,3.2722028522893725,0.0993754686532623,2.770266152644337,-0.0
IA-RR-5,7.096402567774996,3.611030645950851,0.0158471870412971,3.11706577256574,-0.0
ID-BD-4,7.103561398356929,2.9280654194166065,0.0637820834059817,1.7234929099938432,0.0269338356744941
ID-BN-3,7.401350302296917,2.96622902568986,0.1376004116731471,2.673732103053206,0.0137874151367432
ID-BN-5,6.351754877627883,2.846132294434133,0.0214441048844816,2.4758936583132978,0.0423830959403599
ID-MN-1,6.60196066153011,2.549939404298531,0.1388416597616164,1.301615125384559,0.0300069232191175
ID-MN-2,6.91349720390178,2.576759627386501,0.1406810806576211,1.3290450118905277,0.0168647701262887
ID-MN-3,6.809980268261925,2.6263406338456865,0.076325477138756,1.3487733823544144,0.0022908431665058
ID-MN-4,6.77046443832988,2.748231103664622,0.054973907818819,1.57386007106876,0.0118277832635333
ID-MN-5,6.792330529698766,2.990076399798081,0.0517654229849622,1.603172318827281,0.0194974352181982
ID-SFP-3,6.833739936087631,2.809993075509835,0.1150210335657573,2.1451695340287222,0.0249598234489519
ID-SJ-2,6.622527716560313,3.159401532028957,0.0832352875783561,2.473470448335319,0.0034650399070332
ID-SJ-4,7.078896645516614,3.048036400664334,0.1075652262203818,2.7323264727013616,0.0076889960270073
ID-SJ-5,6.885193770575007,3.033630422117068,0.0804018944720757,2.6966577708381267,0.0058374232481404
IL-CL-1,7.265398313095808,3.221378286457967,0.0678201800796462,3.1652855453641915,0.0090885026845988
IL-CL-2,7.487819003893419,3.243861421719927,0.0619062209363651,2.97393488122992,0.0065571537682791
IL-CL-3,6.211474229307207,3.1054126258093087,0.0361697729806449,2.7265492776086955,0.0046437307627764
IL-CL-4,7.1519892779469325,3.16555070160702,0.0655036976629826,3.0742143661342767,0.0153427787800773
IL-CL-5,6.423257007788396,2.968114769770788,0.0397621840097429,2.2674499127521286,0.0243563076981849
IL-KS-1,6.847659380559848,3.3009470711139506,0.0265225986504227,3.0014704463622635,-0.0
IL-KS-2,6.111118521496883,3.272533139262016,0.010545424172957,3.156437568220076,-0.0
IL-KS-3,6.947620451476721,2.875959147691301,0.0849451387161626,2.830514360647151,0.0060074121557006
IL-KS-4,6.217203238226001,3.1441026226964173,0.0248618155962197,2.946735846978018,-0.0
IL-KS-5,7.343850377628452,2.668338752511385,0.116959660040613,2.708689965938783,0.0293813722300164
IL-LW-1,7.061779684414735,3.0992599770775837,0.0630729382950443,2.874266177145973,-0.0
IL-LW-2,7.029990786483131,3.053733667645361,0.0600275163070257,3.0528500063889084,0.0113108724732836
IL-LW-3,6.641125646052635,2.8721275757487104,0.0075754506849022,2.7624955843642844,0.2912619584135084
IL-LW-4,6.961931385878151,2.9985471062510225,0.0182118609849115,2.9094017694057333,-0.0
IL-LW-5,7.22697820001755,2.924133258345237,0.0841680310219858,2.6635311926120084,0.0186731901330701
IL-PM-1,6.96305654662935,3.1842852211175328,0.0124224715132132,2.757599623768845,0.0292074785468478
IL-PM-2,7.365332324520043,3.065208480894547,0.1007920171862381,2.85965503958948,0.0089967277509245
IL-PM-3,7.434801535016055,3.444926702426181,0.0376164385340409,3.1005288114525054,-0.0
IL-PM-4,7.195058208569417,3.3871392020997337,0.0446917524213265,2.983616639592254,-0.0
IL-PM-5,6.97679768765453,2.97646092562654,0.0641701905766507,2.693917597635649,0.0361272111680436
IN-EC-1,6.663513012052049,3.2635310649649614,0.0192260625358733,2.9875609337024374,0.0178738828983009
IN-EC-2,6.588055299122781,3.2016582949490284,0.0364709082621266,3.0746196192656514,-0.0
IN-EC-3,6.734313568228481,3.1853923134641606,0.0619694429985892,2.960458793707067,-0.0
IN-EC-5,6.998761356574684,3.025229561377268,0.0748387347411133,2.7001819805426326,0.0224324844518879
IN-RH-1,6.85243105108314,3.3304098871307604,0.0586616576215729,3.1785950635639564,-0.0
IN-RH-2,6.968269792256503,2.80702277047944,0.0553629415770002,2.750973993407167,0.0036716020309434
IN-RH-3,7.004293868865097,3.244040617946664,0.0689748800384468,2.894549235906482,0.0170461011002754
IN-RH-4,6.982470325340374,3.12149451799394,0.0693303305635337,2.8012694332873207,-0.0
IN-RH-5,7.401116353757308,3.1367114766600817,0.1019603580335278,3.021732260024834,0.0037963304264378
IN-SS-1,6.502108467586081,3.2487258749588785,0.0120093150926939,2.984147313165606,-0.0
IN-SS-2,7.087624446698029,3.216566555710955,0.0666955354268327,2.949254498546645,-0.0
IN-SS-3,6.917308790755033,3.301795027042606,0.0176423157045419,3.045411659285469,-0.0
IN-SS-4,7.264688286909652,3.169673573592826,0.0518740639635511,2.921815855902857,0.0148817695927398
IN-SS-5,6.899644449087284,3.3125985729400766,0.029915786041847,2.9546288251942614,-0.0
IN-TR-1,6.887058584007948,3.057081403943509,0.0428284426781784,2.851759052832818,0.0199179190188386
IN-TR-2,6.320880499278084,2.470263332539372,0.0435496851161986,1.271464313088214,0.0317896409753284
IN-TR-3,7.445560009305938,3.1421791793294167,0.1436143623352186,3.0570149969341456,0.0128750205462932
IN-TR-4,6.860001838539675,3.102857776973856,0.0338237229424935,2.572227983489036,-0.0
IN-TR-5,7.201087387676568,3.1806039414486547,0.0514357791808859,2.886623501394205,0.0064744278709194
IN-WM-1,7.33092206533207,2.7379521558467173,0.0843985269430019,2.735906394785393,0.0301748882254951
IN-WM-2,7.202094362060135,2.955027758371552,0.0581261763607681,2.7346272955208266,-0.0
IN-WM-3,7.80157340348164,2.989939362718441,0.0828099634734474,2.9023419523455622,0.0129059346470925
IN-WM-4,6.386374719386012,3.136736464446874,0.0709222487016859,2.8271377864414413,0.0444164226399499
IN-WM-5,7.059881177393285,2.9201373143376914,0.0566043301801054,2.697086968476629,-0.0
KS-MS-2,7.614801096273393,3.337447409076681,0.1288040204203983,3.14029046247909,0.0319450512102987
KS-MS-5,6.55079785267418,3.18719638335421,0.0572248204463108,2.5694479656385782,0.0219228744015028
KY-RR-1,7.184681672415757,3.1300972692717464,0.0730194411405056,2.463692886059474,0.0108005658546654
KY-RR-2,6.479261225540942,2.701594044062023,0.0596464137445224,1.6756706541826418,-0.0
KY-RR-3,6.451019931469387,2.8230188189561902,0.0459540388176862,1.5282636051828662,0.0031677752608652
KY-RR-4,6.363639457247508,2.626852181486622,0.0878218322094841,1.187972171237229,0.0105689789420158
KY-RR-5,6.596479370296115,2.856016717675939,0.0483765023063356,1.595968023327369,0.0074859161146609
LA-AN-1,6.232828047370471,2.8590525347477875,0.0558311099830224,2.4757292650467875,-0.0
LA-AN-2,7.317217985606638,2.9292389055228547,0.0904860029550537,2.7969847769532445,0.004240375298521
LA-AN-3,7.072850257838949,2.979617196658746,0.0948933247838025,2.678489293719196,0.0022402505494886
LA-AN-4,7.192482727946473,2.722260721950456,0.1133844052072216,2.444371920790359,0.0101091608775691
LA-AN-5,6.936537883872877,2.9336302984719858,0.1070043220940429,2.5727716321499603,-0.0
LA-HN-1,5.725085028932283,2.6418122474731978,0.0264174776855525,1.2598575829909773,0.0045200473419126
LA-HN-2,6.80003676656964,2.9895979703459283,0.0515466769855244,1.83838069576925,0.0101036610657648
LA-HN-3,6.246512691272088,2.4145989566886943,0.039977963102351,1.3468692911609903,0.0464952447050939
LA-HN-4,6.562194231774302,2.7512965106894325,0.0344881108316816,1.594320838410039,-0.0
LA-HN-5,6.771400162508924,2.8530434083419287,0.0546513560748489,1.7307623665993797,0.0163160190939522
LA-JW-1,7.572902399386699,2.9483237769368253,0.1389646334729964,2.6980425440058893,0.0265152905418239
LA-LO-1,7.365399677637955,3.1784817250246844,0.0827765728661643,2.9406164151159597,0.0020933134802586
LA-LO-2,7.532633882251931,3.082709587751443,0.1115408678298471,2.686881509174844,0.0231470155188674
LA-LO-3,6.609607597476403,2.654961943297357,0.0730249662405251,2.0908970410263934,0.0114241844408499
LA-LO-4,6.8444079689246085,2.795366339147456,0.0418789256077521,2.130426733497557,0.0393772216781414
LA-LO-5,7.066434288097969,2.8056694593800504,0.0699744954911616,2.266355077150674,0.0185987603752259
LA-TH-1,7.013278993671893,3.12393292544114,0.0599564015519953,2.486602871435305,0.0148247090353372
LA-TH-2,7.380032132968117,3.00534823908418,0.062239479420457,2.947427264321268,-0.0
LA-TH-4,6.9791921526932486,2.9768082942723963,0.0382510416939904,2.4007222050273795,0.0133246289067093
LA-TH-5,7.077800073953641,3.2646571619174902,0.0941753082133761,2.7302585503344186,-0.0
MD-AEC-6,7.213980723507356,2.9131782418911336,0.100506734126569,2.7624153293274176,0.019741619935899
MD-AEC-7,6.9455318868560045,2.7395990474311387,0.0398999557287936,2.009743578925106,0.0017457147461239
ME-BC-2,6.636879427480717,2.6445792928515197,0.1306024536727908,1.4672427514078266,0.0091464671226258
ME-CB-1,5.583799278310629,2.322452406384738,0.0712514826813117,0.8775040739468829,0.0287828274396554
ME-PF-1,5.846516314941311,2.372754929095568,0.0482603468679144,0.9435832942837424,0.0749135260064946
ME-PF-2,6.5331352627844685,2.640464568280096,0.0234650034083642,1.6074065880921449,0.0282088696582991
ME-SM-1,5.917145922251317,2.5496080118624618,0.0368080226126135,1.1530233537324004,0.004516866262419
ME-SM-2,5.906537760379464,2.2864161561651875,0.056412463213903,0.8324912726891766,0.0300730466310467
ME-SM-5,5.950279132886912,2.7564393282667927,0.0275484514716936,1.381819162737574,0.0057592217455501
MI-CN-1,6.484811238581976,2.504406177961012,0.0573524806287159,1.468255163577376,0.0297531638561036
MI-CN-5,6.994924429685518,2.553653879710787,0.1009854837320182,1.519479525381468,0.0077935818676207
MI-HN-2,5.7751929942796005,2.54176416334462,0.0381423553993129,0.8326225849648037,0.0126503037810418
MI-HN-4,6.522100283815295,2.757827425951706,0.0430272838352078,1.2940800411136344,0.0135635480431745
MI-HN-5,5.879620013587386,2.6358739408315843,0.021925461270156,1.4280157490381422,-0.0
MI-MS-1,6.952664644954954,3.263950516620485,0.0229552940933339,3.223343390061988,0.0017562322456823
MI-MS-2,7.1205870252242445,3.303891622064705,0.070781454257033,3.246569997816021,0.0169203892369047
MI-MS-3,6.921957460774487,3.2945557321510788,0.0695450069801865,3.1197057087657427,0.0149760651401978
MI-MS-4,7.38817961392836,3.007506760265092,0.0831683025218632,2.921387423677285,0.001746982493189
MI-MS-5,7.316303059863872,3.3545130230308207,0.0540519017229744,3.2662354925484838,0.004882974862326
MI-MSP-4,6.344588218358872,2.5837994091395067,0.0369197890882951,1.7691320558961663,0.0584128090066216
MN-BE-1,7.1521494142845405,3.1568079910680726,0.0634484731666019,3.1242797610243924,-0.0
MN-BE-2,7.3107231546787155,3.173153793058021,0.1026180727089523,3.0800098819902173,0.0131289088352573
MN-BE-3,7.047577793626105,2.56734198022463,0.1845459232714623,2.405543418232,0.0734967604605984
MN-BE-4,7.3605772844333,2.7665076573218625,0.14830275051437,2.4993614911285658,0.0450990977318702
MN-BR-1,7.174088888854515,3.575792820111832,0.0375559151739889,3.365472086058232,0.0101903166226602
MN-BR-2,6.73375152658966,3.4546342740991745,0.0690688648351772,2.9781179169675824,-0.0
MN-BR-3,6.89359831331815,3.631244376153344,0.066340080498113,3.307236238853269,0.0052986119579361
MN-BR-4,7.491502019890846,3.523515585379429,0.072635916171447,3.3153583301000094,0.0158107007954264
MN-BR-5,6.364075267060028,3.171455529875661,0.0246976382934425,2.8867575251573445,-0.0
MN-CF-1,7.516424379803578,3.3548958794864805,0.0791221406957405,3.1517274413491374,0.0038707344459132
MN-CF-2,6.681579993418905,3.4897883189227974,0.0163425295335803,3.4090371324160955,-0.0
MN-CF-3,7.404447074694048,2.8868393384626687,0.0978810063540136,2.6013432170162227,0.0054924568840504
MN-FD-2,6.464267081091132,2.482060573113094,0.0461627345647757,1.9432456325368332,0.0105522064502587
MN-FL-4,6.57794780166378,3.4422621776414686,0.0168803860938891,3.3711529315249087,0.010526005859845
MN-LH-1,6.648739449899892,3.072920683807515,0.0502152656125395,2.691694102840916,-0.0
MN-LH-2,6.983584412407714,2.985095413499061,0.0808281775889134,2.503177249562422,-0.0
MN-LH-3,7.096681197418834,2.8676991027002323,0.1131588816530473,2.5775588091725457,0.0191457020642258
MN-LH-4,6.823189010787687,3.040159381242738,0.0594120247449495,2.481407021356876,-0.0
MN-LH-5,6.310106842818145,2.913642115932348,0.0527068918039004,2.4669663754506903,-0.0
MN-LR-1,6.906308948252009,3.246000867776446,0.05849616542846,2.9003975566047195,-0.0
MN-LR-2,7.360579089198273,3.190917966750621,0.1158486037666814,3.067121432883594,0.0203455946552158
MN-LR-4,6.191714988035308,3.060818821477038,0.0299320408235477,2.735475353217183,0.0021351127822947
MN-LR-5,7.459471069811887,3.2622554876426246,0.0535932233529279,3.1138493426553344,0.0081550038684638
MN-MH-1,6.503684481802608,3.1588652010338185,0.0399347511790978,2.674027453697849,0.0052237795785802
MN-MH-2,5.3113764818336,2.726344624107526,0.0332370790705489,2.2687003339890373,0.0076795131275428
MN-MH-3,7.550852404068122,3.090057377471803,0.1199745459522931,3.04316385016229,-0.0
MN-MH-4,7.004892595169366,3.349041134207732,0.0372195024198743,3.197876296653849,-0.0
MN-MH-5,7.318224112419091,3.379246913241206,0.0448333729640132,3.107364456023395,-0.0
MN-MS-1,7.107060937121241,3.479323817498788,0.0293615345726656,3.388902380452987,0.0370566014018628
MN-MS-2,6.620374609398308,3.12220116782917,0.0575160151548736,2.791263650431397,0.0124852252198873
MN-MS-3,7.087309892258338,3.5764633308001392,0.0396057770613599,3.422543567603104,0.0048163951066917
MN-MS-4,6.928625321547181,3.334705970297564,0.0413554817900553,3.153493063953463,-0.0
MN-MS-5,7.179823728020573,3.4839453347189435,0.0482546450843878,3.353544651986541,0.0103561283133126
MN-RR-1,6.673110018224022,2.574335356282382,0.06716372605749,1.875841573329712,0.0187497206297092
MN-RR-2,6.8331761326772655,2.796805379604385,0.0954671117692258,2.432984816856504,0.0062481760981521
MN-RR-3,7.004839998656807,2.7611864578385203,0.0662986393823841,2.713845324736031,0.0018351956550139
MN-SD-2,6.4714760387172285,3.057080448810167,0.0348544201489655,2.785092850080521,0.0046028108572337
MN-SD-5,6.804446151648654,3.2652251506405103,0.073924645231652,2.916249645424743,0.0163990984449314
MN-WS-3,6.265862111028753,2.9073861562580245,0.036924573166752,2.0327262015957768,0.0049140538755263
MO-CSP-1,6.905416431240891,2.674018020020742,0.0643027811458159,2.257137576097829,0.0223019466727412
MO-CSP-3,7.479959747574042,2.789002462121832,0.145171481822775,2.716820806380135,0.018319652108005
MO-CSP-4,7.132386300898011,2.7362237875866446,0.1154950872364738,2.237596097915256,0.0075027804472591
MO-CSP-5,4.946277382174066,2.24752170646745,0.0544741984616621,1.3190152453688977,0.0550638304847883
MT-BC-1,6.250650888337726,2.922721095492208,0.0365029847530326,1.5199834272469597,0.0455744417753116
MT-CG-1,6.957799627880516,3.0304350200029946,0.0588779521546626,1.8523631395900109,0.0146521729562312
MT-CG-3,7.177481082570286,2.8572987814040083,0.0689810543855822,1.7734470483997995,-0.0
MT-CG-4,6.861091884341641,3.031892485444285,0.062562389338498,1.8422131312636063,-0.0
MT-CG-5,6.513051440960943,2.96726168263138,0.016847494869727,1.7400789787909798,-0.0
MT-GNF-1,6.987630073684175,3.313600303490846,0.0427676324002881,2.855968066425654,0.0046219220184187
MT-GNF-2,7.038879597983291,2.74100556340534,0.1172460119645271,2.460000546119841,0.0321129705111352
MT-GNF-4,6.921124126107816,3.1669352234131103,0.0431393059588306,2.414261718970035,0.0174814979012441
MT-LCN-1,6.48107128110742,3.095405804458553,0.0934598665487419,2.066268749050847,0.0058674676632963
MT-LCN-2,6.714177042201704,2.920524486294038,0.0602870001433519,2.1906719872633227,0.0199240692500335
MT-LCN-4,6.775233376308186,2.85821040992348,0.116783506129002,2.2831176861878952,0.0212187086146181
MT-LTR-1,7.090243910249321,3.031763554498056,0.1006438123813841,2.052828737203394,0.0079102132988712
MT-LTR-2,7.256850284617134,3.096402878072535,0.0976304568495711,2.349750249549486,0.0372458385447592
MT-LTR-4,6.875189535289001,2.997647615185326,0.0112494653449555,1.942167975147501,0.0184220841538491
MT-LTR-5,6.860932909392516,3.158355097017225,0.0538506728975459,2.1055028402558635,-0.0
MT-PC-1,7.026693234907956,2.9150419018348823,0.0645681443163677,1.7579475142728291,0.0020447645150727
MT-PC-3,7.415904099158052,3.0044793081622165,0.078438821511179,2.4024351798698103,0.0078166443528419
MT-PC-4,7.379738300971102,2.9721230220337325,0.0882226791108846,2.110430447504548,0.0547113293656781
MT-TP-2,6.846151367369223,2.5409643913848114,0.2171255870088283,2.104584324797572,0.0847330891583146
MT-TP-3,6.888313713609152,2.7786678750848366,0.1543573449468555,2.19706959958481,0.0471883483145726
MT-TP-5,7.135029265995951,2.202906993355979,0.1309453643275393,1.6718821632306842,0.0232514872879411
MT-UTR-2,6.9582889338355525,3.2337740600613745,0.0378472343324179,2.472618619822416,0.0192354326466251
MT-UTR-4,7.227180887404718,3.2232547717260847,0.034906012025753,2.733801883173224,-0.0
MT-UTR-5,7.334386543919834,3.158222601754581,0.0659179844172861,2.572107452001781,0.0114686342913802
NC-CMSP-1,5.5998085553765895,2.3950284514805475,0.0414980024192073,1.04050716848869,0.0082491757524503
NC-CMSP-2,5.58873139249142,2.417958233100852,0.0155879820992152,1.081212269206811,0.0440298331921526
NC-CMSP-4,5.9782174206903935,2.1427319201158417,0.0432694668681023,1.036034986431834,0.0125877948944903
NC-CMSP-5,5.837200085141571,2.39954611232602,0.0468864942502324,1.345386745258924,0.0336054084130207
NC-CNF-1,6.098601501140529,2.508954220377482,0.0931024620172558,1.0365894448096922,0.0284547967760885
NC-CNF-2,6.53009162650388,2.87074180548501,0.0380251778155734,1.7884992360516017,-0.0
NC-CNF-3,5.974176907805373,2.631130351420889,0.0473052668617171,1.2302589015778695,0.0071113022547185
NC-CNF-4,6.715162504273885,2.87425684612492,0.042624243374592,1.9308656873042511,0.0107552384012988
NC-CNF-5,6.049184747266684,2.8726554440585845,0.0358808441283571,2.386955957112136,0.0646472052383187
NC-GSM-1,5.926798679331112,2.6214856199991536,0.0393103307309758,1.174382849776398,-0.0
NC-GSM-2,6.115079826210519,2.6311690502532503,0.0286415305796474,1.2988944010379546,0.0093830298685671
NC-GSM-3,5.472800160765277,2.419422701400482,0.0416609050968835,0.9315790474086736,0.0325045854429569
NC-GSM-4,6.923355086494639,2.882490944904203,0.0855702855268182,2.2547072243228308,0.0045887931305107
NC-GSM-5,6.134057248576842,2.7016521800771183,0.0468785580558908,1.3073330784144184,0.0126497631958093
ND-AN-1,7.22406363814538,3.478339879238268,0.0591005788883139,3.196255908945222,0.0182895928714464
ND-AN-2,7.358000390498594,3.4578194869322587,0.0556766527095829,3.1510237145577014,0.0036172674875459
ND-AN-3,6.223191306440712,3.1596854593462464,0.0326987011688909,2.4387449252618763,0.0194029443693096
ND-AN-4,6.835765515478289,3.46032749352547,0.0396066930324931,3.173150278369645,-0.0
ND-AN-5,7.003296454798089,3.566210046682274,0.0438544912579478,3.237302759892613,-0.0
ND-ER-1,6.784704021495717,3.107398598975684,0.057437669805849,1.8613207977769983,0.0019405028974367
ND-ER-5,7.135051521953247,2.961267864564474,0.0905156909626921,2.041349404296179,0.0452421238977142
ND-KS-1,6.572788371098357,1.947364052669414,0.1660589143830121,1.5866363296465975,0.3954487066779384
ND-KS-2,7.505805666365741,3.1151952262263056,0.1169627433102231,2.8276641103935973,0.0188471356450984
ND-KS-3,7.233175213082221,3.366623361245085,0.0981563238190157,3.008233911397387,-0.0
ND-KS-4,7.271258187035185,3.144069443645479,0.0896705542812098,2.8711637084170616,-0.0
ND-KS-5,7.316191791075592,2.4658609674157907,0.0891145837395753,2.09981517767306,0.1384156588545971
ND-LI-5,6.7899204148411325,3.0123279737414355,0.0501413985179906,2.480548573281512,-0.0
ND-LL-1,7.906881581674555,2.92587087437497,0.1575857866297542,2.756709896732079,0.0369281432028265
ND-LL-2,7.604684497963152,2.313623711583108,0.153365865085727,2.079341475119466,0.1328597530863053
ND-LL-3,7.474233532037691,3.223469617198646,0.1106614043628606,2.9873781290163097,0.0249296913900306
ND-LL-4,7.68807189473445,2.857106460429112,0.1240232148523576,2.471455436639276,0.0680390649491651
ND-LL-5,7.643218325131939,2.637517140262629,0.1716471019898242,2.390561978448137,0.0462100146288045
ND-LN-1,6.729818451188658,3.1398680741635125,0.1841660938200041,2.673753916382947,0.0845386408116471
ND-LN-2,5.71747884505277,2.950652426023868,0.0323907838359974,2.0566082805251,0.0136536682306632
ND-LN-4,6.976513687183467,3.450787125505937,0.0449991297970217,2.7913441525511486,-0.0
ND-LN-5,7.031689203645707,3.291668565777707,0.0483734572278794,2.769033360441055,0.0065703937829328
ND-LZ-1,6.821026198308112,3.1643989312577454,0.0546057470257182,2.062572104927886,0.0039798393678506
ND-LZ-2,6.926858063730454,3.2262829092978933,0.0524411385224182,2.307517103412923,-0.0
ND-LZ-5,7.173409849639678,3.24445265918142,0.0441125463848396,2.5980482559660647,0.0035045160965619
ND-WL-1,6.77923501985227,3.226116496852388,0.0665162364220483,2.477381210321062,0.0250747785980858
ND-WL-2,7.217222094919902,3.0334864690374195,0.0759754853005203,2.7849368322126797,0.0216806770689705
ND-WL-3,5.016083093833201,2.2255578135924448,0.0477620152822709,1.4453635037386152,0.1138195240604781
ND-WL-4,7.087486973788666,3.196487678766104,0.0935504855476973,2.570204599568945,0.0360167012971204
ND-WL-5,7.18501080436462,3.3662847638443787,0.0840679550966476,2.718407194612473,0.0103425289740708
NJ-MC-3,6.320052193165277,2.647199747113849,0.0364493376328444,1.7231052853341031,0.013919814009271
NJ-MC-4,6.957156621178348,2.813915301265996,0.0484243804683473,2.436063204285169,0.0192105091094189
NJ-MC-5,7.023661422683165,2.682430397080409,0.1213642366860284,1.8609889644073716,0.0534440151176217
NM-CC1-1,6.57625602405129,2.521396049195929,0.0777579664655703,1.0195586515515958,0.0019653986187619
NM-CC1-5,6.510469466620807,2.5866618769843424,0.0148545010181701,1.0742504982680146,0.0116945843985982
NM-CC2-1,6.671849087731308,2.5801589063149377,0.0262338507033629,1.1420145238140516,0.0116704852218913
NM-CN-1,6.680914234987639,2.8820198756870057,0.0892431115532375,1.481511841880517,0.0075041910014385
NM-CN-2,6.314432725638981,2.9029460277097154,0.0244861641201029,1.5273438597971456,-0.0
NM-CNF-3,7.118191971847082,2.476028975281236,0.1187685123630182,1.5232006733010963,0.0219940167436669
NM-EB-2,6.612415759099733,2.5653611876395117,0.0373319310274124,0.9272460936413334,0.0382796229411353
NM-EB-3,6.865908477258058,2.503997131192641,0.0941419878569776,1.040270184096787,0.0273081995034753
NM-GNF-1,6.981957098730383,3.0229579106983917,0.0425039367010542,1.9215954821967571,-0.0
NM-LNF-3,7.065847618630007,3.527207877739007,0.0130025655363216,2.9310476235339484,0.0034694789841937
NM-OM-1,6.795135469980132,2.757175855355809,0.1095274839223393,1.2577733979732382,0.0118356169934828
NM-OM-4,6.5952356091959405,2.656197691966719,0.0858569424182616,1.1749182692780922,0.0054438906232206
NM-SAN-1,6.829617606108062,2.654470590874587,0.0788274886241191,1.4474853992911478,0.0388639601886537
NM-SAN-2,7.019000935460847,2.7562552230202546,0.1241580617343372,1.6108878807287716,0.0311116662791731
NM-SFNF-4,7.225210586030291,3.2656988552571007,0.1117318520754564,2.4717170487456595,0.00733753831228
NM-SFNF-5,6.8665016396305,3.085782317626659,0.083058236446436,2.398852510269156,0.0158728247719813
NV-LM-1,6.006631719229641,2.011508068981215,0.040386472529616,0.7795181497675718,0.0082747181546401
NV-LM-2,6.616788168751821,1.9370468943497627,0.1333179525423125,0.8447612682940802,0.1268322800378634
NV-LM-5,5.614576196089388,2.1241549520247767,0.0126997274811617,0.7875788670451775,-0.0
NY-BM-1,7.756790705024746,2.5855461022228106,0.2000154598239181,2.4451017792095,0.054357535334161
NY-BM-2,7.241189055155987,3.2474900573372616,0.0555416475516079,2.787317445492097,0.0034781817507086
NY-BM-3,7.556575462238675,3.259753800751655,0.0630296833883469,2.965314701898404,-0.0
NY-BM-4,5.485512777803437,2.4693490336060586,0.053467752053384,1.2545009841029318,0.0148218707441037
NY-BM-5,7.517088953484055,3.166340516568562,0.0865854621744876,3.105143389230599,0.0054772281204022
NY-TS-1,7.339489087782971,3.255671999418404,0.0777576333378948,3.226799239479961,-0.0
NY-TS-3,7.314615007807278,3.0628313814437944,0.0903833309712445,2.880780517414553,0.001757516213465
NY-TS-4,7.395936366008057,2.9732503747335404,0.0889000403055861,2.519815043654549,0.0630878395526527
NY-TS-5,7.459286989947821,3.036149265038484,0.0738798139556484,2.9242780646497475,0.009814613232932
OH-CV-1,7.097023449500211,2.951319621231744,0.0494822264688817,2.777096406289838,0.0128041117424611
OH-CV-2,7.665429528199698,3.10793706640626,0.0658226775910631,2.9111536207083164,0.0034762978912491
OH-CV-3,7.926498889253153,2.7445148462408766,0.2348857218746592,2.65655093643102,0.0244980983424271
OH-CV-4,7.799364588614433,3.152267060874593,0.1301061627402063,2.9557774201545577,0.010891728338709
OH-CV-5,7.67840607239623,3.139483220879979,0.1695236340430608,2.9801883928514483,0.0316821169665719
OH-DSP-1,6.467260790154736,2.959713046682341,0.0805603317274518,2.6523119648704863,0.0336465848581229
OH-DSP-2,7.593079362232546,2.943788521153988,0.1339481578133216,2.693848243405668,0.0400509023880483
OH-DSP-3,7.593391031129453,3.1474512810296926,0.1598568539632899,3.056221884566277,0.0101433508990562
OH-DSP-4,6.790101574549742,3.300870343436403,0.0908297734845678,3.107853144042121,0.0396534890055865
OH-DSP-5,7.431998836183669,3.21188276980638,0.0642737171368271,3.1248706500255503,0.0062784406562741
OH-KPW-1,6.545178917952989,3.461619470677185,0.0488556786669963,3.119323234238618,0.0040712252518655
OH-KPW-2,7.312530951594918,3.0158532154606417,0.0888690053355512,2.910488012876063,0.0041754948111779
OH-KPW-3,7.610588209236208,3.226712067590352,0.0741667264576144,3.0999272497703254,0.0116183710820332
OH-KPW-4,7.279892887639839,2.7934685346065606,0.052930664526465,2.5811420500104565,0.0133447690842362
OH-KPW-5,6.982422302248988,3.028930798222947,0.0794380911136403,2.843988829462336,0.0128376731753406
OH-MSF-1,7.786126255925235,2.858063926666428,0.0865254131671379,2.5284866199214138,0.0295029318576909
OH-MSF-2,7.345615882079068,3.053924431359237,0.0647695201317956,2.7459041088632468,0.0072641913966273
OH-MSF-3,7.798202114690415,2.985325085656199,0.1065237079477723,2.810005748870475,0.0215139599483514
OH-MSF-4,7.32538521322139,3.1006527233897714,0.1220106648826592,2.834834377768146,0.0309887222991674
OH-MSF-5,7.251082091487842,3.1156573496054625,0.0516855219942636,2.8632316300960614,0.0101883737715705
OH-WN-1,7.743877828184355,3.037636931498774,0.097924894862088,2.889444515378756,0.0204890807309609
OH-WN-3,8.137086542950987,2.81484264234418,0.2001486649869406,2.7993412829493503,0.022334302093539
OH-WN-4,7.833262081126778,2.7270685551147307,0.2207824591694875,2.6664925635148213,0.0295067826965711
OH-WN-5,6.896264160572833,3.2256423814631923,0.018849864362757,2.985204083918486,0.0069818527313391
OK-KSP-1,7.080791322785874,3.475237318778599,0.0305516563662505,3.153326991904596,-0.0
OK-KSP-3,7.206343139926075,3.305827583538548,0.1032081532847987,2.6397964003262846,0.0017594458935773
OK-LW-4,7.215856940984497,3.352951182760467,0.067165716218522,2.874154128028097,0.0252406759994073
OK-MP-1,7.102280817320414,3.4542400690539528,0.0703661228158876,3.1858425617867523,0.006507357914103
OK-MP-2,6.814709512666115,3.1981193378729644,0.0329266072314815,3.004088500926295,-0.0
OK-MP-3,6.756312446631636,3.432912391707831,0.0401883917420015,3.217611176683296,0.0022592163206267
OK-MP-5,6.843757492156617,3.662699147421357,0.0394395276398918,3.3378905747648724,0.0038875109698629
OK-SD-3,7.109329780679953,2.9528575569041515,0.0546239154088806,2.1655502416839565,0.0251029810497545
OR-DN-1,7.064338155585591,2.6670882434880308,0.0731147409837436,2.154885268310156,-0.0
OR-DN-2,7.035842578485688,2.818912949857304,0.094333048467008,2.1925488120294268,0.0116793559464219
OR-DN-3,7.024231107583281,2.865255928249016,0.0938530122577992,2.2248863414489546,0.0166544471417406
OR-DN-5,6.357428483192923,2.144700858697496,0.1085527519253183,1.2060192761974782,0.1810270211447276
OR-FL-1,7.015423062056782,3.0043621895048167,0.0812080634922007,2.889876589158741,0.0217065332597448
OR-FL-4,6.692445952574019,3.046425331803941,0.0531079042712595,2.855304830210311,-0.0
OR-MD-1,6.551930849175879,2.823174182299144,0.0463155753400194,2.468308275618745,0.0147196107248003
OR-MD-2,6.674336731070295,3.0675739807172984,0.0645059356379551,2.5471629895171497,-0.0
OR-MR-1,7.210102303893852,2.0981560478838284,0.1358925550192966,1.904707749615407,0.2037046493729667
OR-MR-3,7.358034834005418,3.1706098252578405,0.1022820725678994,2.9895044239614297,0.0064625232192008
OR-MR-4,7.161281907629358,3.0597364616922462,0.1202255364592734,2.9351782597643554,0.0467581216667958
OR-SF-1,6.033271835777264,2.774213805297084,0.0404057447428785,1.409857042522499,0.0069927505521109
OR-SN-1,6.35370495843787,2.7633045478008835,0.0285476027624114,1.879335453960444,-0.0
OR-TS-2,6.8216215127534685,2.693524344037985,0.0775739487952247,2.5829406180801477,0.0093895445047777
OR-TS-3,7.038375573892374,2.595990008420201,0.0666383500937685,2.445331887200933,0.0058117854323882
OR-TS-4,6.978251030970519,2.721547496117737,0.0760581585450499,1.8794280919509463,0.0140938065491419
OR-UN-5,6.108724426397399,2.5054607532294653,0.1073645575764769,1.3339765161148784,0.0047044193429241
PA-AN-1,5.770324167356232,2.319179113041698,0.0688265009820767,0.8702314289516062,0.0219779718559864
PA-AN-2,5.9230336383804,2.733272061546702,0.0243238082658709,1.2658577283360852,0.0031745124440879
PA-AN-3,5.6238357908584256,2.42395920654315,0.0618769152941083,1.011371332307315,0.0210347937387581
PA-AN-4,5.51711877596038,2.413749666565032,0.0598498785781732,0.8920889434127729,0.0632948009453909
PA-AN-5,5.56963204508024,2.7640053387236225,0.0322104267968106,1.01647809766893,0.0069637702606033
PA-BE-1,7.004270505446623,3.0719199819748937,0.0538743178024094,1.883837460210408,0.0160300726887511
PA-BE-2,5.930317802920821,2.3645208843478573,0.0850865579002776,1.0185192178876044,-0.0
PA-BE-3,6.862708247690149,2.9713917638527527,0.0329381376845757,1.9055929822788515,0.0451778515169328
PA-BE-4,7.671632004925377,2.8269221863278484,0.1334363987279829,2.7643889296039257,0.0107985032696386
PA-BE-5,5.888015061525735,2.6385544968010417,0.0749000121915037,1.2110683167029468,0.0094107843334767
PA-RC-1,7.12526670997894,2.941126348128159,0.0872005448509855,2.1101028056340576,0.0476028593822461
PA-RC-2,7.601245033812042,2.7241521312950225,0.1427087893986794,2.600745819623357,0.087404476348156
PA-RC-3,7.296543346091438,2.701340651390322,0.1185568820282852,2.1253514649101164,0.032072354563512
PA-RC-4,6.736257042368999,2.6097602005080733,0.0781019014787979,1.435007664264054,0.0160422888289995
PA-RC-5,7.696828504809392,3.1218957627287294,0.1121395915549537,2.8717402380144583,0.0155732163414276
PA-SGL-1,7.801140803931372,3.0968038971640386,0.0913006613680645,3.096411324350907,0.025164588775295
PA-SGL-3,6.762680528136946,2.6163143149532213,0.0485270497739316,1.7990032348199605,0.0478376395271597
PA-SGL-4,6.533871368503701,3.008944767660576,0.0170173805234707,1.9084353951770907,0.0049636922867368
SC-AJ-1,7.270199297015836,2.644069503146207,0.1357560797346794,1.8637817030270307,0.014458370475505
SC-AJ-2,7.572509752216275,3.1034959426968745,0.0974598450305565,2.825864505360009,0.0045724177515019
SC-AJ-3,7.1922921166636735,2.5315674559842587,0.1142411320038641,1.6096423628857797,0.0103979278953354
SC-AJ-4,7.476269789112762,2.775633297820937,0.1430016005871299,2.2723318422553183,0.0076971440939783
SC-AJ-5,7.80094258418292,3.0771246052771994,0.1160092294395288,2.986978060391538,0.0035639277630748
SD-AS-1,7.780589825655507,3.00780447005307,0.181711764484867,2.852467855184421,0.0141695426814948
SD-AS-2,7.422536374843969,3.37088692253876,0.0596400639792331,3.0940122009060538,-0.0
SD-AS-3,7.754617932681739,3.1830489002600384,0.1159293119773567,2.961631050978889,0.0065998190049692
SD-AS-4,6.519301819562275,3.328305792968957,0.0175698011907718,2.933202439208559,0.0263052003861363
SD-AS-5,7.351040212787931,3.429701603756028,0.0502888236266316,3.157437232843803,0.0111946725041549
SD-BH-1,7.403354753859152,3.5056255182748224,0.0212955879372028,3.049804152780414,-0.0
SD-BH-2,7.788012039606213,3.2381991694356937,0.1136834978454762,3.016922933707723,0.0018081653205002
SD-BH-3,7.513395884717608,3.4100534147051715,0.0694492471823073,3.1227743314948304,0.0137458054361341
SD-BH-5,7.269789488287353,3.262008242261244,0.0800162478685759,2.937159009311132,-0.0
SD-BN-1,7.128377115588744,2.7938492074919856,0.1721914189330247,2.012989046849285,0.0367946695978195
SD-BN-2,7.104746900998142,3.1368962469900903,0.0689882189572779,2.4617935345207584,0.0060923519152463
SD-BN-4,7.364393831182079,2.9468570931890863,0.1017847945214064,2.240878763415298,0.0138248003246997
SD-BN-5,7.456635484643723,2.8174695454416265,0.2202751901618079,2.073211331882888,0.0892682561153575
SD-CS-1,6.8699024038895375,3.2762751399825345,0.0590068806089471,3.136890300642059,0.0271175655255021
SD-CS-2,7.146295168567596,3.1099711909165797,0.0870964728996227,2.413661667619892,0.0078740326191419
SD-CS-3,7.058126436323675,3.289328195669069,0.0722872262961775,3.0543354700330987,0.022135701016156
SD-CS-4,7.005739656345708,3.1517200702834995,0.0603058219409646,2.75650209666632,0.0103197510860486
SD-CS-5,6.5332696572080415,3.3058901740170703,0.0076111677048753,3.116071927548417,-0.0
SD-DN-1,7.955113090609448,3.032479210233797,0.1677624384476385,2.902215494122246,0.0787320509907101
SD-DN-2,6.6329386874979175,3.3965542792844707,0.0250974895773098,2.8079719648639605,0.014358286718689
SD-DN-3,6.916097361744966,3.5146015475820325,0.0100580055912055,2.9218279707322523,-0.0
SD-DN-4,7.048317689358476,3.7762521028249054,0.0096114091338647,3.2033557408790365,-0.0
SD-DN-5,7.292254747566347,3.53686683647337,0.0657807528899379,3.1263889885642366,0.0049748667153241
SD-LH-1,7.554984603369551,3.3006073893083934,0.0669781182458628,3.1230421063099545,0.0152901376675447
SD-LH-2,7.400800046800017,3.3710059438248288,0.0766515847700117,3.1471706899041503,0.0068556805668787
SD-LH-3,7.389035673711315,3.520332250373505,0.0584547868675931,3.214114210042938,0.0021741744849801
SD-LH-4,7.609472632137504,3.2553819478234907,0.1224643645119722,3.045789802113551,0.0039608215026742
SD-LH-5,7.008355753462505,3.1075518911877884,0.072842335390821,2.811219327007601,0.0025657555555425
SD-OL-1,6.981984522507873,3.502346745734584,0.0588660898851989,3.2103499768918877,-0.0
SD-OL-2,7.503447173647958,3.3897652424954465,0.0770130424495381,3.210661466443318,0.0072417509165142
SD-OL-3,7.317366219725006,3.3723761879958487,0.0425168265924401,3.259179899035707,0.0091280487426007
SD-OL-4,7.442145875203816,3.2562160367172317,0.115039170343566,3.098817952992776,0.0037284952505764
SD-OL-5,6.983939904931384,3.559221950745596,0.0342142762231745,3.3600871924899174,-0.0
SD-SS-1,7.485073006157954,3.220388683001585,0.0698824728438103,2.986206873175276,0.02927952597669
SD-SS-2,7.583184419892213,3.295811823117747,0.0540467349139036,3.0304333265243866,-0.0
SD-SS-3,7.57343383806882,3.1832101462177205,0.0997861029089208,2.92712203059863,0.0020909904662436
SD-SS-4,7.759037279504259,3.1684137742599656,0.0770673524094264,3.0292710679664334,0.0077446940311285
SD-SS-5,7.800686831790433,3.2179683956594536,0.1143782089384949,2.914495187562803,0.0019263511640826
TN-CS-1,7.290276012089569,3.216399597654494,0.0674511073804838,2.74185009463311,0.0123676596945198
TN-CS-2,6.553024503179801,2.9983544432310723,0.0752440515187039,1.845433346752799,0.0119727545179046
TN-CS-3,6.771995693108366,2.544185935379208,0.1215142001634086,1.346313836301172,0.0225141527270901
TN-CS-4,6.040871942502591,2.748335433846154,0.0661002343228049,1.23815662649742,0.0252348102694659
TN-CS-5,6.138993988606709,2.6797274187030373,0.1262065045456141,1.1255444361749023,-0.0
TN-FC-1,6.210177285023884,2.6584946549464985,0.0820003334544404,1.1847066009394094,0.0094005309825732
TN-FC-2,6.286416939105746,2.7194851158301856,0.0400055278388706,1.394778484068226,0.0076741054985911
TN-FC-3,6.229394589737807,2.670617379620367,0.065972292960847,1.369683117904832,0.0263322579255559
TN-FC-4,5.789669504722948,2.8707515890940054,0.0105522064502587,1.361778418671212,0.0105522064502587
TN-FC-5,6.265902083806023,2.7189924608580074,0.0468199212281773,1.3853147108144754,0.0117411891656155
TN-WR-2,7.823264199093694,3.2044059994562364,0.1576563858665872,2.936015609147951,0.0176389291142706
TN-WR-3,7.7599635062015375,3.0320895514256074,0.1714105415319973,2.6891350025157488,0.0242117769157995
TN-WR-4,7.801553410235163,2.969867868641914,0.1319062982889042,2.8463708940859043,0.0321605020429231
TN-WR-5,7.854520368085857,3.2748337075047917,0.1019933404113087,3.019835506802496,0.0174206818540572
TX-AB-1,7.204691599222474,3.183601145805428,0.0485330512031536,3.100372042509284,-0.0
TX-AB-2,7.406204342838647,3.0983369279253465,0.1350959017641504,3.029727190549523,0.0063135635757965
TX-AB-4,7.5586682092674735,2.8746718683978383,0.1138924575734048,2.917549862622483,0.0191241172732858
TX-AB-5,5.855608796423127,2.6112912213546333,0.0615298457915545,2.3627472647772625,0.0180421212197052
TX-BB-1,6.835982062267535,2.538540309109306,0.0700146567466303,1.168312801596399,0.008736757092078
TX-BB-2,6.731080325449071,2.3011766540865684,0.0651221000466494,0.9864261316529866,0.0132444582200771
TX-BB-3,6.673938894586661,2.3465255991684453,0.0704727706675224,1.1337714181541871,0.0083103783032218
TX-CB-1,7.296536373764492,3.1476720462902,0.0734406138063216,2.175007512783014,0.0310471665334307
TX-CB-2,7.363488325905856,3.0901973260101845,0.0875839750170948,2.351722299277959,0.1921886134800152
TX-CB-4,7.35517584740561,3.094622699208024,0.0698466596112901,2.3190988553755925,0.0055411603857475
TX-CH-2,7.508398759587596,3.11157777984421,0.1279757342551712,2.197229586685765,0.0218884255576531
TX-CH-3,7.120972351284704,2.966072105282449,0.1311660312537452,2.0503902515163297,0.0116944683290739
TX-CH-4,5.676537350569094,2.5702930433485007,0.074376789782017,1.4407573837121166,0.4012157940744612
TX-CH-5,7.093494005790947,3.323056881753061,0.0567078774261594,2.577390662871813,0.0145487187194802
TX-CR-1,7.537602631480365,2.773615360761632,0.1509030890869355,2.339472920494531,0.0401136991447412
TX-CR-3,7.138883535145042,2.7543600679804485,0.1715527404220669,2.266534553243944,0.0593291594961477
TX-CR-4,7.7490020194449825,3.0538021251334597,0.1090737226462639,2.636890750158156,0.0365808436392459
TX-CR-5,7.843147539430949,2.9988480668210125,0.1172978261386579,2.7078404761343933,0.0197668293409388
TX-DP-1,7.369677017529637,3.172845595592459,0.0881043202117093,2.5843545388841296,0.0086134720255991
TX-DP-2,7.6539374213869396,2.7685501434291075,0.166958685188451,2.1701018392664966,0.0539474036067926
TX-DP-5,7.321100485793638,2.7953149602978784,0.1958573738221135,2.084881065089988,0.0450981297302948
TX-GCS-1,6.982005686616264,3.268228997761153,0.0564875151278128,2.375640173643104,0.006318847956359
TX-GCS-2,6.704584317440212,3.0773504400703966,0.0312732163717101,2.0986523604550307,-0.0
TX-GCS-3,6.770819428152283,3.303962549562625,0.0596352596066846,2.4296062721840728,0.0218176326809287
TX-GCS-4,6.9572467823703,3.153811630507722,0.0289072146004403,2.2177137630154737,-0.0
TX-GCS-5,7.144470920050394,3.273908199123103,0.0570484131995744,2.432609998761742,0.0141286510186738
TX-LL-2,7.575328436035297,3.430724185464501,0.0689409957421613,2.995370153983368,0.0241069552564655
TX-LL-4,7.454196288402816,3.2440837601612023,0.0734849234135867,2.7601580844792277,0.0095084924195375
TX-MC-1,7.4250190826502385,3.0033442699593005,0.1235687129637771,2.218400116882535,0.0124969916400274
TX-MC-3,7.280565353215567,3.255514409047792,0.0700176518594027,2.618099536348474,0.004015679294931
TX-MC-4,6.619915029004589,3.2381338344517765,0.035221687714281,2.254676808048721,0.0090716406760948
TX-MN-1,7.26312665575363,3.1407753120320128,0.1161420271101126,2.649123953076902,0.0072735632312894
TX-MN-2,7.060732193419363,2.956858667416534,0.110047119385575,2.232342103638678,0.01706085010837
TX-MN-3,6.989334818760586,3.244642501293093,0.0406676773128334,2.397871493028517,0.0092269339345031
TX-MN-4,7.300319955584033,3.092962232520308,0.0930238504129231,2.3244824958491246,0.027883976403437
TX-MN-5,7.3792218613102,3.056905990152397,0.1650579475350924,2.3079111577504627,0.0959275282086384
TX-PDC-3,6.738663154901484,3.177984672804919,0.0424127684482153,1.864478582094023,0.0040302598403861
TX-PDC-4,6.769338038317045,3.1865973831050445,0.0573698546761121,1.8887620386938415,-0.0
TX-SH-1,6.457290080711373,2.681093929622389,0.1021635407194111,2.219975118402251,0.021651265014447
TX-SH-2,7.79138033902557,3.0162407440748757,0.1476315470666566,2.702608813517142,0.0308167578488014
TX-SH-3,7.526976368454895,3.24208422876754,0.1106098591444965,2.8819094021718645,-0.0
TX-SH-4,6.839818943038359,2.300824502477846,0.1309677291669323,1.2527391242307413,0.0173504768652446
TX-SH-5,6.412896014667124,2.6401568880814112,0.1077765172373576,1.858519074656096,0.0368704989920326
UT-BD-1,6.494300124502688,2.4503203719074853,0.06605893031328,1.073215957142445,0.0036389452517696
UT-BD-4,5.911879080942053,2.2635968605704493,0.0827357197385532,0.8716337481551557,0.0301751153992785
UT-BD-5,6.174980976888339,2.495052839494041,0.0707029432382279,1.1465027388794324,0.0327083271840577
UT-CG-2,6.944368105679788,2.952599910443083,0.1290598945773562,2.177327314528426,0.0058841858253772
UT-CG-3,7.130773226705792,2.881740340366695,0.1026130095249388,1.996064172220712,0.0104762690503828
UT-CG-4,7.207712306468293,2.774075533293712,0.1065070521931336,1.8573583865400969,0.0444794459641399
UT-DN-2,6.397678578136798,2.9020848406076434,0.0441921174483754,1.9373662059916092,0.007677687269744
UT-FN-1,7.282861426714937,2.566158331141952,0.1655236679722636,1.9729933338630772,0.0438704299596372
UT-FN-3,7.262084513610981,2.952052924177041,0.0653968918778034,1.7484986381647705,0.003936652355004
UT-FN-4,7.457293061006911,2.9359258756857507,0.086123102365304,2.67128455238188,0.0079308041180567
UT-SL-1,7.343094320355379,2.6807674487449478,0.1169948216206021,1.7997133077603653,0.023787660072331
UT-SLC-3,7.072624228321307,2.605089723895301,0.1113895000258043,1.7278007648725349,0.0424979806808667
UT-SLC-4,6.0239626744613615,1.6375011297255315,0.0840341882643751,1.0336133246687318,0.4051836859030467
UT-SLC-5,7.40772203416028,2.956068185317502,0.1211973355173492,2.4301299370705403,0.0112018046424164
WA-KB-1,6.895425279408349,3.118328892755164,0.1124090154973457,2.7617264866382234,0.0034272124259633
WA-KB-4,7.456720716949101,3.091945538641048,0.1646829795644782,2.898845386515487,0.0052844268076255
WA-KB-5,6.786800810490129,3.2452940506967765,0.0675173978619197,2.9938587237036267,0.0075882945933653
WA-MB-1,6.8822032363289765,2.2521804950363817,0.1399198694527691,1.751424675849896,0.081135731064849
WA-MB-5,7.332778509041099,2.2235531558948245,0.2471337065779208,1.61291431209778,0.0242186346349399
WA-SB-2,7.169151378492096,3.366553977134513,0.0556709401255545,2.303610076378124,-0.0
WA-SB-4,7.2439049078983375,3.4303572562549784,0.0505333882784482,2.611379692173755,-0.0
WA-SB-5,7.098797841385866,3.4089230364608025,0.0428870582930894,2.5584930527933323,-0.0
WA-TM-2,7.258329457709801,2.6396393161051783,0.0775581107378129,2.349199980220834,0.0237464253310792
WY-BB-1,6.997995566348163,2.690604459258202,0.0951589509263882,1.4672402227120471,0.0690400803706843
WY-BH-1,6.714883673765241,3.037397636330276,0.0537328936663334,1.9392210493212212,-0.0
WY-BH-3,7.135530597008276,2.638106313964654,0.0615014462934019,1.7335664735567256,0.062813737118739
WY-BH-4,7.176161284837347,3.149564537687358,0.0922478077248926,2.262906411638301,0.0286406677699223
WY-BH-5,7.090813337150716,3.225314620256331,0.0564180503736394,2.632761051056997,0.0040769658536381
WY-BN-2,7.443526490449974,3.1126493300505502,0.137999229043894,2.5479771620812093,0.0082018906938941
WY-BN-5,7.492431349999181,3.174484678922584,0.1234237312462585,2.76958106944537,0.0334031250476595
WY-TB-1,6.973352046787563,2.940360597695117,0.075144740892513,2.05402224546784,-0.0
WY-TB-2,7.189616661049729,2.904606920234432,0.1231005824609247,1.915640554226265,0.0132398139728838
WY-TB-3,7.134323319600436,3.246625252089922,0.0562929823404811,2.3468349675215303,0.0040399570789938
WY-TB-5,7.445390206895582,2.983015732303842,0.1204723547792176,2.3841030503777665,0.0247479491260203
WY-YN-5,6.490375250049223,2.4953933109382604,0.0675308636680709,1.4955950819481678,-0.0
